Gender,Age,Height,Weight,family_history_with_overweight,FAVC,FCVC,NCP,CAEC,SMOKE,CH2O,SCC,FAF,TUE,CALC,MTRANS,target
Female,14.912902,1.598143,75.070351,yes,yes,2.758177,1.097303,Sometimes,no,1.021202,no,1.881550,0.050863,no,Public_Transportation,0
Male,24.964968,1.746882,71.801157,no,yes,2.350816,2.679899,Sometimes,no,2.855262,no,0.679771,1.673120,Sometimes,Public_Transportation,0
Male,23.486704,1.618827,65.691673,yes,no,2.810070,3.895302,Sometimes,no,2.512160,no,0.203354,0.524875,no,Automobile,0
Male,18.989212,1.857994,170.698149,yes,yes,2.675080,2.323201,Sometimes,no,2.242215,yes,2.531327,1.247857,Sometimes,Public_Transportation,0
Female,18.904875,1.600804,58.615038,no,yes,1.767463,2.934213,Sometimes,no,1.523868,no,2.620969,1.073327,no,Public_Transportation,0
Male,14.562872,1.794870,79.645417,yes,yes,2.516523,3.629793,Frequently,no,2.162544,no,1.322575,1.189607,no,Public_Transportation,0
Female,20.644897,1.767602,81.456513,yes,no,2.562859,3.849091,Frequently,no,2.903538,no,1.123423,0.088526,Sometimes,Public_Transportation,0
Female,24.002669,1.617760,75.488079,yes,yes,2.810612,3.468419,Sometimes,no,2.287338,no,1.975429,0.739079,no,Public_Transportation,0
Male,20.883148,1.701611,51.316830,yes,yes,1.917665,1.571042,Frequently,no,1.031875,no,1.242989,1.986198,Sometimes,Public_Transportation,0
Male,26.536962,1.807560,121.293791,yes,yes,2.589404,2.639868,Sometimes,no,2.391949,no,0.725863,0.600005,no,Public_Transportation,1
Male,21.881880,1.807597,76.688266,yes,yes,2.085019,1.151867,Sometimes,no,2.319012,no,0.894814,1.191542,no,Public_Transportation,0
Male,26.388058,1.766185,119.648931,yes,yes,1.687018,3.080096,Sometimes,no,1.866450,no,0.230285,1.499211,no,Public_Transportation,1
Female,20.101471,1.666802,90.315429,yes,yes,2.057002,1.243627,Frequently,no,2.176287,yes,2.274529,0.271932,Sometimes,Automobile,0
Male,18.390039,1.715299,75.429083,no,yes,1.047185,3.180833,Always,no,2.244384,no,1.518801,1.579609,Sometimes,Public_Transportation,0
Male,19.182233,1.756557,151.409839,no,no,1.954932,1.582678,Sometimes,no,1.808646,no,1.276776,0.748565,no,Public_Transportation,0
Male,30.258771,1.702893,74.712938,no,yes,2.566628,2.292341,Sometimes,no,2.781587,no,2.708257,0.689711,Sometimes,Automobile,0
Female,21.000771,1.747452,59.352796,yes,yes,1.469247,3.691007,Sometimes,no,2.309412,no,2.608060,0.616789,Sometimes,Public_Transportation,0
Male,19.049981,1.696460,93.689035,yes,yes,2.538285,1.313747,Sometimes,no,2.548071,no,0.494829,1.363981,Sometimes,Walking,0
Male,15.689287,1.807056,134.775415,yes,yes,2.888914,3.570351,Sometimes,no,1.600113,no,2.896099,1.614460,Sometimes,Automobile,0
Female,23.875401,1.489724,107.703446,no,yes,1.950368,1.033403,Always,no,2.323219,no,1.813188,1.142365,Sometimes,Public_Transportation,0
Female,23.904694,1.701029,90.118906,no,yes,2.576126,2.237200,Sometimes,no,1.976113,no,0.671353,0.579526,no,Public_Transportation,0
Male,19.403007,1.708318,102.814554,no,no,1.076689,3.836812,Frequently,no,2.913008,no,0.257215,0.110720,no,Automobile,0
Female,16.833028,1.684662,43.581046,yes,yes,1.257835,3.248917,Sometimes,no,1.423975,yes,0.781494,1.733791,no,Public_Transportation,0
Female,20.034905,1.616568,51.352350,yes,yes,1.672419,1.184496,Sometimes,no,2.238478,no,1.364564,1.269754,Sometimes,Public_Transportation,0
Female,17.528081,1.665612,81.183739,yes,yes,2.477874,1.090966,Sometimes,no,2.111312,no,0.846507,1.818301,no,Public_Transportation,0
Female,15.902107,1.613388,62.968552,yes,yes,2.320340,2.905180,Sometimes,no,2.572136,no,0.117179,0.884025,Sometimes,Public_Transportation,0
Male,25.600910,1.756268,114.095439,yes,yes,2.921847,3.306133,Sometimes,no,1.345742,no,0.709645,1.006767,no,Automobile,1
Male,24.218446,1.782156,90.298239,no,yes,2.038549,2.700449,Sometimes,no,2.440319,no,1.415778,1.003049,Sometimes,Public_Transportation,0
Male,18.258450,1.854583,58.644969,yes,yes,1.868507,3.250285,Sometimes,no,2.948354,no,0.396345,0.606335,no,Public_Transportation,0
Male,14.800472,1.736348,57.708638,yes,yes,1.085573,3.702126,Sometimes,no,2.393814,no,2.692846,0.852570,Sometimes,Public_Transportation,0
Female,19.742650,1.816414,162.992400,yes,yes,2.332334,3.454251,Sometimes,no,1.591160,no,0.624136,1.487186,no,Walking,0
Male,25.100800,1.763401,112.850996,yes,yes,2.424737,2.389475,Sometimes,no,1.525830,no,1.943976,0.814372,Sometimes,Automobile,1
Female,15.614907,1.587239,44.357183,yes,yes,1.381851,2.627676,Sometimes,no,2.940780,no,1.554216,1.825648,no,Public_Transportation,0
Female,21.465083,1.485881,56.851992,yes,yes,2.003971,1.845231,Sometimes,no,2.120403,no,0.184436,0.685469,Sometimes,Public_Transportation,0
Female,16.928177,1.638825,85.340728,yes,yes,2.746703,3.216019,Sometimes,no,1.676520,no,0.782798,1.605150,Sometimes,Public_Transportation,0
Female,17.933497,1.672940,82.812483,no,yes,1.479634,1.433137,Sometimes,no,2.578851,no,0.202031,0.825622,no,Automobile,0
Male,18.601468,1.853334,102.827217,no,no,2.978290,3.668053,Frequently,no,1.282179,no,1.388012,1.209740,no,Public_Transportation,0
Female,22.352519,1.694573,122.519845,yes,yes,1.245798,2.382212,Frequently,no,1.972733,no,2.232766,0.992715,no,Automobile,0
Male,14.563295,1.769236,87.726894,yes,yes,1.458054,2.891426,Sometimes,no,2.685227,no,2.738190,1.323562,Sometimes,Public_Transportation,0
Male,30.274550,1.797609,124.626274,yes,yes,1.643040,3.730704,Sometimes,no,2.336037,no,1.274927,0.646899,Sometimes,Public_Transportation,1
Female,17.796346,1.581280,55.622357,yes,yes,2.302354,3.359246,Sometimes,no,2.612572,no,0.094952,0.401643,no,Public_Transportation,0
Male,37.594515,1.759046,118.217092,yes,yes,1.745325,3.452932,Sometimes,no,1.054859,no,2.290034,0.507282,Sometimes,Automobile,1
Female,16.448003,1.697308,97.254499,no,yes,2.897229,3.456128,Sometimes,no,2.762845,no,2.394249,0.378372,Sometimes,Public_Transportation,0
Male,15.268382,1.818325,76.971144,no,yes,2.533002,2.979138,Sometimes,no,1.722145,no,1.399603,1.029341,Sometimes,Automobile,0
Female,16.179274,1.686048,53.900324,yes,no,2.436532,1.797015,Sometimes,no,1.851874,no,2.555587,0.408724,Sometimes,Public_Transportation,0
Female,28.450339,1.729168,59.756279,yes,yes,1.546841,1.913853,Sometimes,no,1.987682,no,1.619545,1.646628,no,Public_Transportation,0
Male,19.999799,1.855422,68.965494,yes,yes,1.022415,1.859394,Sometimes,no,2.664694,no,1.663975,1.145410,Sometimes,Public_Transportation,0
Female,17.925326,1.575853,43.852550,no,no,1.945032,3.236142,Frequently,no,2.311685,no,1.473186,1.301197,Sometimes,Automobile,0
Female,23.200098,1.600837,58.243821,no,yes,2.117846,2.684856,Sometimes,no,2.141805,no,2.305884,1.945902,Sometimes,Automobile,0
Male,19.449749,1.796176,68.843662,yes,yes,2.612082,1.095210,Sometimes,no,2.676617,no,2.111804,1.471300,Frequently,Automobile,0
Female,15.632367,1.562543,78.620174,yes,yes,2.196120,3.085764,Sometimes,no,2.515332,no,1.709894,1.255927,no,Public_Transportation,0
Male,23.548752,1.731310,100.141293,yes,yes,2.943667,3.069386,Sometimes,no,1.232897,no,2.196290,1.662385,Sometimes,Public_Transportation,0
Female,18.913844,1.610813,68.048191,no,no,2.641387,1.218546,Frequently,no,2.855026,no,1.254432,0.855676,Sometimes,Public_Transportation,0
Female,21.776538,1.596482,126.239152,no,no,1.887926,1.719213,Sometimes,no,1.006701,no,0.037980,0.505783,Sometimes,Public_Transportation,0
Male,29.471481,1.715191,108.845777,yes,yes,2.432767,1.054927,Sometimes,no,2.036040,no,1.722857,0.088323,Sometimes,Public_Transportation,1
Male,39.943685,1.757804,113.001052,yes,yes,1.902471,1.693903,Sometimes,no,1.484181,no,0.532337,0.312395,Sometimes,Public_Transportation,1
Female,23.705015,1.640765,69.391069,no,no,2.413584,2.244198,Sometimes,no,2.183696,no,0.353156,0.377082,Sometimes,Public_Transportation,0
Male,26.016107,1.811605,128.136394,yes,yes,1.687056,1.715648,Sometimes,no,2.892544,no,0.548654,1.145785,Sometimes,Automobile,1
Female,20.851390,1.537132,68.355651,no,yes,2.354144,1.144358,Sometimes,no,1.934456,no,1.927982,0.462672,Sometimes,Automobile,0
Male,26.632761,1.839263,110.820493,no,yes,1.960444,3.029315,Sometimes,no,1.273217,no,0.262622,0.865938,no,Public_Transportation,0
Female,21.885221,1.667592,86.060873,yes,yes,1.097264,2.602232,Sometimes,no,1.219103,no,0.674547,1.699381,no,Public_Transportation,0
Male,30.006337,1.785706,113.156012,yes,yes,2.049245,3.998933,Always,no,2.128253,no,1.163088,0.823715,Sometimes,Public_Transportation,1
Female,23.765080,1.657676,67.342781,yes,no,1.161257,3.241741,Sometimes,no,2.439900,no,2.496704,0.405255,Sometimes,Public_Transportation,0
Female,25.761895,1.618798,54.575315,yes,yes,2.978876,1.373791,Sometimes,no,2.065299,no,2.496666,1.318255,Sometimes,Public_Transportation,0
Female,21.986196,1.590264,63.772961,yes,yes,1.868904,3.925593,no,no,1.869461,no,1.942598,1.886738,Sometimes,Public_Transportation,0
Male,23.732754,1.764954,74.606518,yes,yes,1.645424,2.056397,Frequently,no,1.256589,no,0.257185,1.020365,Sometimes,Public_Transportation,0
Male,27.762760,1.673983,79.073812,yes,yes,2.161292,1.532784,Sometimes,no,1.533021,no,0.750209,1.157380,no,Public_Transportation,0
Male,22.141260,1.793634,69.804181,yes,yes,2.753507,3.177834,Sometimes,no,1.802981,no,1.819570,1.606775,Sometimes,Automobile,0
Male,30.706449,1.792929,112.632595,yes,yes,1.639494,3.981905,Sometimes,no,1.617513,no,1.364073,1.187774,Sometimes,Automobile,1
Female,19.259624,1.613126,59.745713,yes,yes,1.809944,3.953881,no,no,2.389569,no,1.743502,0.565049,no,Public_Transportation,0
Male,26.441921,1.798940,112.561923,yes,yes,2.670378,3.472640,Sometimes,no,2.785071,no,1.604425,1.338181,Sometimes,Public_Transportation,1
Female,31.527896,1.743099,91.190536,yes,yes,2.206877,1.128903,Sometimes,yes,2.637826,no,0.127153,1.764873,Sometimes,Public_Transportation,0
Female,15.265580,1.635735,61.067375,yes,yes,1.250685,2.690875,Sometimes,no,1.599340,no,2.112391,0.828823,Sometimes,Automobile,0
Male,18.620032,1.767586,75.742973,yes,yes,2.792756,2.216821,Sometimes,no,1.837347,no,0.065363,1.296213,Sometimes,Public_Transportation,0
Female,31.416817,1.579723,78.652561,yes,yes,1.519296,3.562533,Sometimes,yes,1.149389,no,0.853022,1.283244,Sometimes,Public_Transportation,0
Female,14.936123,1.553647,44.331085,yes,no,2.515311,3.435445,Always,no,1.699214,no,0.948979,1.715441,Sometimes,Public_Transportation,0
Male,15.020510,1.766301,53.706226,yes,yes,2.749768,2.084676,Frequently,no,2.876314,yes,2.013252,0.324226,Frequently,Public_Transportation,0
Male,29.017815,1.736895,108.324051,yes,yes,2.881626,1.657239,Sometimes,no,2.874725,no,0.119825,1.322148,no,Public_Transportation,1
Female,22.686185,1.556477,63.309191,yes,no,2.498198,1.680278,Always,no,1.277100,no,0.830250,1.577302,Sometimes,Public_Transportation,0
Female,18.820297,1.587254,62.519950,yes,no,1.856289,1.891100,Sometimes,no,1.069404,no,0.980094,0.774097,Sometimes,Public_Transportation,0
Male,17.746052,1.657707,49.778307,no,yes,1.429494,1.518599,Sometimes,no,2.009552,no,0.689906,1.747386,Sometimes,Public_Transportation,0
Male,25.588606,1.739293,111.803489,yes,no,2.358818,2.726636,Sometimes,no,2.192709,no,0.626753,1.231621,Sometimes,Automobile,1
Female,28.126256,1.649029,86.952104,no,yes,1.900662,2.764040,Sometimes,no,1.814395,no,0.882846,1.529147,Sometimes,Public_Transportation,0
Male,38.752094,1.718146,113.177368,yes,yes,2.955665,1.833658,Sometimes,no,2.730987,no,0.732630,0.523391,Sometimes,Public_Transportation,1
Female,22.193393,1.633150,46.875905,no,yes,2.277792,1.180641,Always,no,2.266202,no,0.054310,1.228720,Sometimes,Public_Transportation,0
Female,16.379025,1.547368,76.373802,no,yes,2.898375,2.712727,Sometimes,no,1.909463,no,2.641374,0.317896,no,Public_Transportation,0
Male,22.034003,1.859796,60.327242,yes,yes,2.592586,1.411438,Sometimes,no,2.656146,no,0.802642,0.375235,Sometimes,Public_Transportation,0
Male,16.071798,1.742516,55.331839,yes,yes,2.202658,2.960319,Sometimes,no,2.193910,no,1.598957,0.465919,Sometimes,Public_Transportation,0
Male,17.072550,1.821930,100.632855,no,yes,2.440217,2.195619,Sometimes,no,1.729431,no,0.400121,1.390718,Sometimes,Public_Transportation,0
Female,17.311033,1.647994,127.141825,no,yes,2.494760,2.357033,Sometimes,no,1.615385,no,1.795981,0.481874,no,Public_Transportation,0
Female,18.988950,1.535701,112.192052,yes,yes,2.525315,2.304249,Sometimes,no,1.240687,no,2.759928,0.972886,Sometimes,Public_Transportation,0
Female,21.339965,1.565477,56.641964,yes,yes,2.805682,1.553214,Sometimes,no,1.180811,no,2.198873,0.397977,Sometimes,Public_Transportation,0
Female,21.010786,1.644674,70.045337,yes,yes,1.060497,1.644185,Sometimes,no,1.266398,no,2.604280,1.027948,no,Automobile,0
Female,17.192542,1.701232,59.135877,yes,yes,1.964726,3.134329,Sometimes,no,2.230345,no,0.448834,1.386408,no,Automobile,0
Male,17.547558,1.849818,113.899859,no,yes,2.700501,1.657156,Sometimes,no,2.765670,yes,2.866704,0.015028,Sometimes,Public_Transportation,0
Female,16.740472,1.610581,60.990337,yes,yes,2.638034,3.839095,Sometimes,no,2.237691,yes,0.110073,0.173022,Sometimes,Public_Transportation,0
Male,20.010852,1.723629,136.007187,yes,yes,2.545762,2.299640,Sometimes,no,1.188280,no,2.358861,1.541622,Sometimes,Public_Transportation,0
Male,27.086900,1.809514,119.594086,yes,yes,2.646698,3.653446,Sometimes,no,1.065128,no,1.728640,0.305905,Sometimes,Public_Transportation,1
Male,22.987929,1.745214,118.561888,yes,yes,1.904016,3.867078,Sometimes,no,1.090570,no,1.545958,1.269186,Sometimes,Automobile,1
Male,35.639590,1.750816,51.381977,no,yes,1.113960,1.094612,Sometimes,no,1.212470,no,2.787186,1.647070,Sometimes,Public_Transportation,0
Male,16.867316,1.663839,123.952906,yes,yes,1.042756,2.185339,Sometimes,no,2.941355,no,1.729615,0.802812,Sometimes,Public_Transportation,0
Female,19.153996,1.648028,78.600411,yes,yes,2.696400,3.193724,Sometimes,no,1.412967,no,0.095263,1.636213,no,Public_Transportation,0
Male,27.635465,1.875378,165.671731,yes,yes,2.699115,3.068926,Sometimes,no,2.370235,no,1.986443,1.375652,Sometimes,Public_Transportation,0
Female,28.692326,1.625254,43.706573,yes,yes,1.741793,3.025870,Sometimes,no,1.818680,no,1.401764,0.481914,Sometimes,Public_Transportation,0
Female,15.988391,1.633747,86.206249,no,yes,2.235257,1.878605,Sometimes,no,2.996848,yes,0.341569,0.574429,no,Public_Transportation,0
Female,17.360126,1.632372,121.972477,yes,yes,1.233025,1.374886,Frequently,no,1.082471,no,1.141770,1.980806,Sometimes,Public_Transportation,0
Female,19.770751,1.672581,65.382377,yes,yes,2.627562,2.695922,no,no,1.532293,no,2.052849,0.917288,Sometimes,Public_Transportation,0
Male,18.513491,1.792274,104.685914,yes,yes,2.477649,3.285170,no,no,1.031888,no,2.913686,0.858794,no,Public_Transportation,0
Male,26.844483,1.700218,112.706753,yes,yes,2.157695,3.414207,Sometimes,no,2.998725,no,1.601408,0.511319,no,Automobile,0
Male,21.043319,1.931938,90.311866,yes,yes,1.823395,2.017774,Always,no,1.449763,no,2.576175,0.574931,Sometimes,Public_Transportation,0
Female,15.621298,1.680730,92.289442,yes,yes,2.327959,2.444467,Frequently,no,2.518867,no,1.351903,1.574550,Sometimes,Public_Transportation,0
Male,32.692218,1.788950,49.263403,yes,yes,2.554320,2.117770,Sometimes,no,2.183722,no,0.534987,1.605925,no,Automobile,0
Male,14.585685,1.807955,104.637841,yes,yes,1.823668,1.117291,Sometimes,yes,1.528994,no,1.916441,1.461530,Sometimes,Automobile,0
Male,23.281400,1.719717,61.784856,yes,no,2.810957,2.045243,Sometimes,no,1.708153,yes,1.027432,0.217975,Sometimes,Public_Transportation,0
Male,25.671683,1.751586,109.509529,yes,yes,2.607583,2.239576,Sometimes,no,1.875384,no,2.111003,0.358027,Sometimes,Automobile,1
Female,18.615007,1.610243,74.215531,yes,yes,1.425568,3.024824,Frequently,no,2.773828,no,1.031249,1.284130,Sometimes,Automobile,0
Female,18.906661,1.584594,77.691354,yes,yes,2.176558,2.715789,Sometimes,no,2.221809,no,1.519535,1.973572,Sometimes,Public_Transportation,0
Male,21.076488,1.825127,74.252854,yes,yes,2.153212,1.080018,Sometimes,no,1.210653,no,2.661205,1.120388,no,Automobile,0
Female,16.933857,1.593710,53.673809,yes,yes,1.609484,1.195868,Sometimes,no,1.300289,no,0.274162,0.365258,Sometimes,Public_Transportation,0
Female,20.378278,1.574359,49.186951,no,yes,2.762227,2.750781,Sometimes,no,2.095974,no,1.018007,1.352881,Sometimes,Public_Transportation,0
Male,22.714706,1.823804,84.416793,no,yes,2.568731,1.280512,Sometimes,no,2.909363,no,1.706849,0.710346,no,Walking,0
Female,20.901963,1.613377,39.879087,yes,yes,2.563334,2.892112,Sometimes,no,1.029395,no,2.000896,0.779559,Sometimes,Public_Transportation,0
Male,22.031938,1.763014,69.898565,yes,yes,1.846171,1.445595,Sometimes,no,2.490666,no,0.260821,1.011168,Sometimes,Public_Transportation,0
Female,16.928469,1.848707,157.805668,no,yes,2.795389,3.951275,Frequently,no,1.362387,no,2.496211,1.685998,Sometimes,Public_Transportation,0
Female,21.493021,1.573553,64.419699,no,yes,2.448794,2.624616,Always,no,2.996098,no,2.367639,1.104128,no,Public_Transportation,0
Female,17.370279,1.653956,43.451797,no,yes,2.594625,3.702627,Sometimes,no,1.448500,no,1.124589,1.529851,no,Public_Transportation,0
Female,17.842862,1.572752,45.010374,no,no,2.991235,2.617790,Frequently,no,1.539875,no,1.639793,0.113832,no,Walking,0
Female,22.614163,1.626394,73.276338,yes,no,1.819272,3.122395,Sometimes,no,1.963143,no,1.317833,1.310297,Sometimes,Automobile,0
Male,17.502370,1.812557,90.520989,no,yes,1.237614,3.305968,Sometimes,no,1.524381,no,1.155656,0.393452,Sometimes,Public_Transportation,0
Male,16.272676,1.727315,66.971274,yes,yes,2.960353,3.493281,Sometimes,no,2.331299,no,1.141523,0.024913,no,Automobile,0
Female,20.403821,1.495404,57.092407,yes,yes,2.222132,1.537892,Frequently,no,1.336427,no,0.397020,0.020033,Frequently,Public_Transportation,0
Male,33.179725,1.733758,74.190054,yes,yes,1.554076,3.394048,Sometimes,no,1.347772,no,0.081878,1.576292,Sometimes,Public_Transportation,0
Female,17.111872,1.662786,60.371282,yes,yes,2.921193,2.313369,Sometimes,no,1.791712,no,0.604978,0.271719,Sometimes,Public_Transportation,0
Male,34.827252,1.667409,81.844887,yes,yes,1.047698,1.035012,Sometimes,no,2.435049,no,1.448389,0.257936,Sometimes,Public_Transportation,0
Female,15.787893,1.555246,60.633329,yes,yes,1.026506,2.156047,Sometimes,no,1.034150,no,2.683145,0.904833,Sometimes,Public_Transportation,0
Male,26.282488,1.766942,115.639719,yes,yes,1.894514,2.699099,Sometimes,no,2.456640,no,0.264210,0.417674,Sometimes,Automobile,1
Male,28.017871,1.723509,108.898594,yes,yes,2.613270,3.322473,Sometimes,no,1.561919,no,2.303076,0.104496,Sometimes,Automobile,1
Female,18.286570,1.627383,47.611161,yes,yes,2.124982,2.585454,Sometimes,no,2.385264,no,0.928461,1.906756,Sometimes,Public_Transportation,0
Male,31.153171,1.745328,118.504647,yes,yes,2.713918,3.547745,Frequently,no,2.073391,no,2.232618,0.268551,Sometimes,Walking,1
Male,23.730432,1.701784,105.011918,yes,no,2.571640,1.546058,Always,no,1.953848,no,1.720517,1.107225,Sometimes,Automobile,1
Male,35.859574,1.778422,108.452308,yes,yes,2.707323,3.595733,Sometimes,no,2.024759,no,0.946485,0.125219,Sometimes,Automobile,1
Female,16.065064,1.610587,106.673760,yes,yes,2.800077,3.578964,Sometimes,no,1.202643,no,1.366037,0.756742,Sometimes,Public_Transportation,0
Male,20.733359,1.810443,105.211231,yes,no,2.022118,2.897262,Sometimes,no,2.122038,no,1.651402,1.256118,no,Public_Transportation,0
Female,19.870453,1.625639,88.715323,yes,yes,1.254324,3.257904,Sometimes,no,1.866867,yes,1.355191,0.174641,Sometimes,Public_Transportation,0
Male,20.429413,1.788122,50.104268,no,yes,2.075723,1.305023,Sometimes,no,1.415538,no,2.115403,0.708156,Sometimes,Public_Transportation,0
Male,18.008513,1.709770,91.076480,yes,yes,1.095815,2.579211,Frequently,no,2.568175,no,0.924087,0.483657,Sometimes,Public_Transportation,0
Male,19.212724,1.720333,59.103996,yes,yes,1.733774,3.413007,Sometimes,no,1.388372,no,2.988912,0.031132,Sometimes,Public_Transportation,0
Female,15.472961,1.683485,57.700872,yes,yes,1.829906,2.896897,Sometimes,no,2.929630,no,1.043960,0.071739,no,Public_Transportation,0
Male,18.035503,1.765568,67.944496,yes,yes,1.016507,1.197536,Sometimes,no,1.273350,no,1.748087,0.911699,no,Public_Transportation,0
Female,18.838115,1.660037,82.225883,yes,no,1.402698,3.250793,Sometimes,no,1.015369,no,2.487829,0.734388,no,Public_Transportation,0
Female,17.581119,1.595309,52.453585,no,yes,1.580217,3.375781,Sometimes,no,1.623123,no,1.727022,1.514564,Sometimes,Public_Transportation,0
Female,21.222934,1.713523,103.411301,yes,yes,2.464751,1.350433,Sometimes,no,2.644771,no,1.681780,1.435977,Sometimes,Public_Transportation,0
Male,16.809783,1.838629,84.788301,yes,yes,2.460871,1.906754,Sometimes,no,2.781965,no,0.399566,0.434471,Sometimes,Public_Transportation,0
Female,25.062285,1.602728,68.359225,yes,yes,2.589606,3.532788,Sometimes,no,1.293482,no,1.018751,0.732345,no,Public_Transportation,0
Male,27.036888,1.834936,67.645081,yes,no,1.746408,1.201089,Sometimes,no,2.520738,yes,1.112311,1.662585,no,Public_Transportation,0
Female,15.511038,1.568177,58.192509,yes,yes,2.205629,1.253488,Sometimes,no,1.709669,no,2.893444,0.412559,no,Public_Transportation,0
Female,22.411227,1.616710,75.035808,yes,yes,2.582832,3.915535,Sometimes,no,2.765732,yes,2.613041,1.773170,no,Public_Transportation,0
Male,20.549545,1.774506,61.831089,no,yes,2.509130,3.947191,Sometimes,no,2.812891,no,1.527652,1.835461,no,Automobile,0
Male,22.430937,1.827000,125.560695,yes,yes,1.577198,1.642883,Sometimes,no,2.712158,no,1.555511,0.290813,no,Bike,1
Male,23.065488,1.815116,84.813820,yes,yes,1.477859,2.025570,Frequently,no,1.570363,no,0.823170,0.776978,no,Automobile,0
Female,16.495407,1.665641,77.324058,yes,yes,2.795359,2.535872,Sometimes,no,2.322253,no,2.119309,1.654688,no,Public_Transportation,0
Male,23.750594,1.747476,50.630465,yes,yes,2.878637,3.692401,Sometimes,no,1.941692,no,1.353413,0.460244,no,Public_Transportation,0
Female,22.309912,1.559187,56.824837,yes,yes,1.827659,3.262360,Sometimes,no,1.765339,no,1.118690,0.631006,Sometimes,Public_Transportation,0
Male,19.650277,1.774567,99.538998,no,yes,2.472108,2.184243,Frequently,no,2.867928,no,1.542345,1.903393,Sometimes,Walking,0
Male,16.932317,1.824580,102.701922,no,yes,2.031570,1.982518,Sometimes,yes,2.711118,no,1.814543,0.603201,Sometimes,Automobile,0
Male,28.304241,1.756631,50.024766,yes,yes,2.199835,2.410843,Sometimes,no,1.476950,no,0.870541,1.573023,Sometimes,Automobile,0
Female,18.104151,1.775541,99.806409,yes,yes,1.668331,1.483571,Sometimes,no,2.363975,no,2.395011,0.645152,Sometimes,Public_Transportation,0
Male,16.642329,1.809098,69.184347,yes,yes,1.440482,3.667289,Sometimes,yes,1.419493,no,1.271556,0.261923,Sometimes,Public_Transportation,0
Female,25.707410,1.689384,54.575224,no,yes,2.498655,1.594401,Sometimes,no,2.319110,no,0.879670,0.516433,Frequently,Public_Transportation,0
Female,18.031755,1.578931,65.173966,no,yes,2.072414,1.152393,Sometimes,no,2.041001,no,0.486970,0.980035,Sometimes,Public_Transportation,0
Female,16.318740,1.697150,50.932163,yes,yes,2.214592,1.432859,Sometimes,no,2.242642,no,0.630427,1.219875,Frequently,Automobile,0
Female,16.478829,1.636936,63.074246,yes,yes,1.542978,1.715896,Sometimes,no,2.345858,no,1.025315,1.483966,Sometimes,Public_Transportation,0
Male,31.867892,1.732528,113.507496,yes,yes,2.916305,1.940219,Sometimes,no,2.419291,no,2.048077,0.186402,no,Automobile,1
Male,24.077950,1.786364,51.509082,yes,yes,1.728679,3.754331,Sometimes,no,1.515173,no,0.964567,1.725373,Sometimes,Automobile,0
Female,17.227313,1.702523,136.186314,yes,yes,2.604118,1.105768,Sometimes,no,2.087847,no,2.448658,0.047639,Sometimes,Public_Transportation,0
Female,22.036766,1.660897,87.082911,no,yes,1.174772,2.231187,Sometimes,no,2.914343,no,2.400391,0.415643,Sometimes,Public_Transportation,0
Female,18.519997,1.789492,63.014396,no,yes,2.146841,1.521984,Sometimes,no,1.491016,no,2.349919,1.158205,Sometimes,Public_Transportation,0
Female,21.817124,1.632053,42.506265,yes,yes,2.577571,3.449779,Sometimes,no,1.750387,no,0.602314,0.674718,no,Public_Transportation,0
Male,20.285214,1.768150,82.578803,yes,yes,1.442837,1.509897,Always,no,1.751000,no,0.676561,1.906882,Sometimes,Public_Transportation,0
Male,20.053138,1.849939,84.599911,yes,yes,1.674573,3.483323,Sometimes,no,1.872652,no,1.458533,0.827035,Sometimes,Public_Transportation,0
Female,38.133034,1.590558,76.388024,yes,yes,1.910743,3.051346,Frequently,no,2.021081,no,2.884558,0.246125,Frequently,Public_Transportation,0
Male,19.564561,1.734190,61.474917,no,no,2.442623,3.096514,Sometimes,no,1.222623,no,0.455954,0.165508,no,Public_Transportation,0
Female,17.493126,1.580727,77.830636,yes,yes,1.986988,3.142547,Frequently,no,2.151393,no,0.418019,1.950167,Sometimes,Public_Transportation,0
Female,22.594896,1.554585,60.725357,yes,yes,2.558237,1.438923,Sometimes,no,2.196686,no,0.774296,1.688675,no,Public_Transportation,0
Male,25.447499,1.729644,59.014502,yes,yes,2.908457,2.861778,Sometimes,no,1.240409,no,1.724265,0.107421,no,Public_Transportation,0
Male,22.755003,1.818443,130.012633,yes,yes,2.843411,1.991207,Sometimes,no,2.805898,no,2.415714,0.029301,no,Public_Transportation,1
Female,19.303541,1.527742,66.151957,yes,yes,2.320605,2.766251,Sometimes,no,2.542384,no,2.786743,1.126270,Sometimes,Public_Transportation,0
Female,19.225689,1.539498,72.862699,yes,yes,2.922714,2.724220,Sometimes,no,2.123319,no,1.299621,1.820945,no,Public_Transportation,0
Male,24.432223,1.707442,88.885659,yes,yes,2.676625,2.780813,Sometimes,no,1.328545,no,2.923166,0.102043,Sometimes,Public_Transportation,0
Male,16.266030,1.756698,47.828961,yes,no,2.266116,3.113489,Sometimes,no,2.546728,no,1.790171,1.615076,Sometimes,Public_Transportation,0
Male,20.254187,1.820263,108.168465,yes,yes,2.758651,1.462765,Sometimes,no,2.578118,no,2.562305,1.463349,no,Public_Transportation,0
Male,16.840455,1.834975,103.726461,no,yes,1.635318,2.996116,Sometimes,no,1.393372,no,0.773264,1.759173,Sometimes,Public_Transportation,0
Male,14.680765,1.781027,96.294667,no,yes,1.915281,2.350260,Sometimes,no,1.967195,no,1.518393,1.213515,Sometimes,Public_Transportation,0
Female,20.152315,1.686988,90.773849,yes,yes,2.815679,1.204903,Sometimes,no,2.089338,no,0.098658,1.057045,Sometimes,Public_Transportation,0
Female,19.681252,1.723107,83.651865,no,yes,2.395483,2.062567,Sometimes,no,1.303179,no,1.786271,0.604303,Frequently,Public_Transportation,0
Female,28.006600,1.672800,70.764414,yes,yes,1.148749,2.926580,Sometimes,no,2.589653,no,2.108390,0.688603,Sometimes,Public_Transportation,0
Female,21.475663,1.665798,47.590097,yes,no,2.421835,3.821388,Sometimes,no,2.257269,no,0.732947,1.869842,Sometimes,Public_Transportation,0
Female,17.373747,1.444593,65.110813,yes,no,1.755828,2.370200,Sometimes,no,1.953895,no,0.430632,1.304500,Sometimes,Public_Transportation,0
Female,22.694951,1.565091,64.352875,yes,yes,1.231062,1.551194,Frequently,no,2.397574,no,1.020960,1.885691,Sometimes,Public_Transportation,0
Male,29.743449,1.751252,119.621683,yes,yes,2.202421,1.371849,Sometimes,no,2.082139,no,1.579774,0.709875,Sometimes,Automobile,1
Male,44.736750,1.753553,115.102665,yes,yes,2.587445,3.370188,Always,no,2.537167,no,2.392485,1.224288,Sometimes,Walking,1
Female,18.366491,1.674999,47.277760,yes,yes,1.029473,3.111132,Sometimes,no,2.524558,no,0.245757,1.242691,Sometimes,Public_Transportation,0
Male,19.663862,1.685664,81.860086,yes,yes,2.392084,3.778609,Sometimes,no,2.548005,yes,0.768610,0.949414,Sometimes,Public_Transportation,0
Female,18.864144,1.620772,73.287485,yes,yes,2.926685,1.110942,Sometimes,no,1.197364,no,0.012236,1.350828,Sometimes,Public_Transportation,0
Male,21.261871,1.784982,89.700520,no,yes,2.126491,1.129297,Sometimes,no,1.076691,no,1.031505,0.476485,Frequently,Public_Transportation,0
Female,16.682780,1.685839,76.505232,no,yes,1.746340,3.952164,Sometimes,no,2.607900,no,2.688220,0.530826,no,Public_Transportation,0
Male,28.283431,1.730352,105.127621,yes,yes,2.803281,2.913526,Sometimes,no,2.895247,no,0.110818,0.174937,Sometimes,Public_Transportation,0
Male,17.857026,1.765462,64.599110,yes,yes,1.793720,2.681218,Sometimes,no,1.006842,no,2.492412,1.615233,Sometimes,Public_Transportation,0
Female,16.599531,1.659250,86.850843,yes,yes,1.361866,2.621546,Sometimes,no,1.176025,no,2.033240,0.437565,Sometimes,Public_Transportation,0
Male,20.376919,1.831175,51.290682,yes,yes,2.220899,3.100512,Sometimes,no,1.111229,no,2.498521,0.734871,no,Public_Transportation,0
Male,26.723561,1.799448,113.604522,yes,yes,2.845954,1.327755,Sometimes,no,1.376954,no,1.521374,0.220522,Sometimes,Public_Transportation,1
Female,22.051193,1.627262,90.987309,yes,yes,1.025170,2.292793,Sometimes,no,1.009098,no,1.113704,1.115955,Sometimes,Public_Transportation,0
Male,19.602971,1.728980,50.938832,yes,yes,2.197149,2.044767,Sometimes,no,1.105768,no,0.562983,1.465142,Frequently,Public_Transportation,0
Male,29.764052,1.680673,78.848387,yes,yes,1.770723,1.940674,Sometimes,no,1.430619,no,2.480125,1.773320,Sometimes,Automobile,0
Male,23.035805,1.688698,142.366421,yes,yes,2.749297,2.661404,Sometimes,no,1.217489,no,2.034034,1.989444,Sometimes,Public_Transportation,0
Female,16.013031,1.684566,88.722722,yes,yes,1.257562,3.534377,Sometimes,no,2.596876,no,2.883893,0.506463,Sometimes,Automobile,0
Male,15.834681,1.794236,81.030378,yes,no,1.778897,2.546049,Sometimes,no,2.201698,no,1.843360,1.045537,Sometimes,Public_Transportation,0
Female,19.534260,1.684857,56.017445,no,yes,1.567686,3.669033,Sometimes,no,1.518761,no,2.608203,0.989649,no,Public_Transportation,0
Male,16.916640,1.851669,52.885882,no,no,2.822339,3.698783,Frequently,no,2.168629,no,0.560271,1.914472,no,Public_Transportation,0
Male,16.885093,1.809097,96.203464,yes,yes,1.577092,1.830582,Sometimes,no,1.419108,no,1.529388,1.479869,Sometimes,Public_Transportation,0
Female,22.217339,1.630586,72.572115,yes,yes,1.499744,3.216168,Sometimes,no,2.043711,no,2.840866,1.175684,no,Public_Transportation,0
Male,19.760616,1.682191,55.832859,yes,yes,2.412775,1.446050,Sometimes,no,2.888999,no,2.354639,1.967665,Sometimes,Public_Transportation,0
Male,21.551878,1.606348,50.062188,yes,yes,2.316803,3.842733,Sometimes,no,2.385667,no,1.274794,1.572374,Sometimes,Automobile,0
Male,28.832938,1.796445,116.886055,yes,yes,1.798415,3.172582,Sometimes,no,1.816471,no,1.625533,1.346648,Sometimes,Public_Transportation,1
Male,32.896993,1.718559,59.634576,yes,yes,2.696966,3.603526,Sometimes,no,1.361644,no,0.103938,0.764285,Sometimes,Public_Transportation,0
Male,23.773052,1.795628,124.582573,yes,no,1.864834,1.290558,Sometimes,no,2.682452,no,1.867650,1.287509,no,Public_Transportation,1
Female,27.404860,1.672849,93.660429,yes,yes,1.591726,3.746514,Sometimes,no,2.205642,no,1.802333,1.204183,Sometimes,Public_Transportation,0
Female,17.843878,1.603637,83.018524,yes,yes,1.140352,2.694020,Sometimes,no,2.770610,no,0.704451,0.103506,no,Public_Transportation,0
Male,34.353176,1.568997,38.951102,yes,yes,2.327504,3.648191,no,no,2.418002,no,1.426478,0.538769,Sometimes,Public_Transportation,0
Female,17.446342,1.635767,55.683934,yes,yes,2.930556,2.619327,Always,no,1.322294,no,0.877191,1.569902,Frequently,Automobile,0
Female,15.352904,1.765208,93.009993,yes,yes,1.673204,1.235197,Sometimes,yes,1.519481,no,0.141812,1.299148,no,Public_Transportation,0
Male,16.642951,1.744755,102.491251,yes,no,2.373821,3.115712,Sometimes,no,1.024891,no,2.066558,0.812431,Sometimes,Automobile,0
Female,16.313068,1.580527,61.490223,no,yes,1.526420,3.578047,Sometimes,no,1.616590,no,2.317894,1.879784,no,Public_Transportation,0
Female,16.488574,1.712703,93.726706,no,no,1.713243,3.589763,Sometimes,no,1.807948,no,2.244361,1.646887,Sometimes,Public_Transportation,0
Male,40.044499,1.822133,122.101111,yes,yes,1.709927,3.419660,Sometimes,no,2.916360,yes,1.777528,0.132826,no,Automobile,1
Male,24.692626,1.744698,119.700936,yes,yes,2.901754,3.854987,Sometimes,no,1.179709,no,0.160186,1.285545,Frequently,Automobile,1
Female,21.627727,1.614747,75.345323,yes,yes,2.717764,3.200563,Sometimes,no,2.321247,no,1.323528,0.496794,Sometimes,Public_Transportation,0
Male,17.583218,1.776343,141.802129,no,yes,1.075404,1.065362,Sometimes,yes,2.913646,no,1.017532,1.157600,Sometimes,Public_Transportation,0
Female,19.832312,1.582072,45.937629,yes,yes,1.860026,3.240478,Sometimes,no,1.126507,no,0.535621,1.336816,Sometimes,Public_Transportation,0
Female,16.713485,1.721906,67.320327,yes,yes,2.495820,3.395550,Sometimes,no,2.077565,no,0.730892,0.666171,Sometimes,Public_Transportation,0
Male,33.948174,1.776612,109.949068,yes,yes,2.076062,2.476341,Sometimes,no,1.930037,no,0.786804,0.503509,Sometimes,Public_Transportation,1
Female,15.128129,1.604050,67.437272,yes,yes,1.836197,1.798592,Sometimes,yes,1.210564,yes,2.917516,1.485224,Frequently,Public_Transportation,0
Female,16.671639,1.660957,47.380865,yes,yes,1.491588,2.935378,Sometimes,no,1.210899,no,0.440752,0.973652,Sometimes,Public_Transportation,0
Male,21.174955,1.790622,55.134887,yes,yes,2.224858,1.531711,Sometimes,no,1.194313,no,1.907826,0.664842,no,Public_Transportation,0
Female,16.542189,1.652335,72.115666,yes,yes,1.840179,1.343862,Sometimes,yes,2.430481,no,2.950753,1.394141,Sometimes,Public_Transportation,0
Male,44.349483,1.799039,118.454085,yes,yes,2.845721,2.449419,Sometimes,no,2.649120,no,0.042761,1.300715,Sometimes,Automobile,1
Female,18.598325,1.640494,79.194748,yes,yes,2.409790,1.900420,Sometimes,no,2.145131,no,2.550209,0.481201,Sometimes,Public_Transportation,0
Male,35.953003,1.846749,126.361320,yes,yes,2.586188,2.867314,Sometimes,no,2.746196,no,0.813353,1.000268,Sometimes,Public_Transportation,1
Male,21.878038,1.825604,121.896662,yes,yes,2.612878,1.162127,Sometimes,no,1.111415,no,1.691544,1.246361,Sometimes,Public_Transportation,1
Female,25.126280,1.622238,56.548767,yes,yes,1.055507,1.204603,Sometimes,no,2.662456,no,0.900632,0.249776,Sometimes,Public_Transportation,0
Male,29.472019,1.777697,121.842988,yes,yes,2.594492,1.472112,Sometimes,no,2.384843,no,1.825838,0.689576,Sometimes,Public_Transportation,1
Male,19.445368,1.764582,93.672936,yes,yes,2.852548,2.382822,Sometimes,no,2.888157,no,2.907092,1.313125,Sometimes,Automobile,0
Male,20.054959,1.685123,77.807433,no,yes,1.741809,3.114196,Sometimes,no,1.961077,no,1.724693,1.677110,Sometimes,Public_Transportation,0
Male,23.295295,1.835732,57.302620,yes,yes,1.008814,1.822444,Sometimes,no,1.736423,no,1.764142,0.915916,Sometimes,Public_Transportation,0
Female,26.241563,1.749465,48.385976,yes,no,2.605396,2.221431,Sometimes,no,1.450282,no,2.433992,1.373338,no,Public_Transportation,0
Female,23.380824,1.605216,77.060104,yes,yes,1.405558,1.103837,Sometimes,no,1.118458,no,2.852852,0.658441,Sometimes,Public_Transportation,0
Female,23.435031,1.602607,84.253430,yes,yes,1.371303,1.623440,Sometimes,no,1.015083,no,2.590560,1.243717,Sometimes,Public_Transportation,0
Male,15.942801,1.631550,68.226453,no,yes,2.174856,3.229639,Sometimes,no,1.056781,no,0.025620,1.650942,Sometimes,Automobile,0
Male,18.008089,1.754521,142.841898,yes,yes,1.352664,3.792259,Sometimes,no,1.244050,no,0.912095,1.800293,Sometimes,Public_Transportation,0
Male,39.124046,1.890345,141.628319,yes,no,1.999167,3.130139,Sometimes,no,2.945249,no,2.290600,1.457232,no,Public_Transportation,1
Male,29.542351,1.865125,59.938427,yes,yes,1.114250,2.570541,Sometimes,no,2.937335,no,1.212308,0.422108,no,Public_Transportation,0
Female,18.108327,1.709521,68.803482,yes,yes,1.294391,1.679035,Sometimes,no,2.521885,no,0.719429,0.996598,no,Public_Transportation,0
Male,26.230742,1.764468,116.717136,yes,yes,2.898238,1.191096,Frequently,no,1.625400,no,1.482922,1.406707,Sometimes,Automobile,1
Female,21.275008,1.614298,69.753587,yes,yes,2.842448,1.511916,Sometimes,no,2.103732,no,2.853737,0.318167,Sometimes,Public_Transportation,0
Female,17.935546,1.689296,62.559113,yes,yes,2.193951,2.820965,Sometimes,no,2.242120,yes,2.113766,1.632422,Sometimes,Public_Transportation,0
Male,16.026443,1.743055,150.426929,yes,yes,1.672215,2.960549,Sometimes,yes,2.736519,no,2.390127,1.856435,Sometimes,Public_Transportation,0
Male,18.134990,1.748071,52.268734,yes,yes,1.792610,1.614150,Sometimes,no,2.646259,no,0.546588,0.286793,Sometimes,Public_Transportation,0
Female,15.896370,1.691971,51.166284,yes,yes,2.402160,1.188209,Frequently,no,2.777759,no,1.558926,0.995331,Frequently,Public_Transportation,0
Female,21.153652,1.681132,121.784964,yes,yes,1.664264,1.426258,Sometimes,no,1.581194,no,1.260443,1.787709,Sometimes,Public_Transportation,0
Female,19.721690,1.631577,45.144188,yes,yes,1.300524,3.841262,Sometimes,no,1.050435,no,0.973880,0.802729,no,Automobile,0
Female,16.216116,1.740860,84.609024,yes,yes,1.080326,2.576634,Sometimes,no,2.150998,no,1.319459,1.522075,Sometimes,Automobile,0
Male,29.950813,1.817246,121.267260,yes,yes,1.839557,3.217397,Sometimes,no,2.424848,no,2.436056,0.146832,Sometimes,Automobile,1
Male,20.568422,1.727831,57.795625,yes,yes,2.999291,3.249175,Sometimes,no,2.887726,no,2.982066,0.288684,Sometimes,Public_Transportation,0
Female,23.253753,1.620578,121.853363,yes,yes,2.490261,1.098274,Sometimes,no,1.624236,no,2.792366,1.290350,Sometimes,Public_Transportation,0
Female,28.357730,1.661978,71.386140,yes,no,1.852063,3.670680,Sometimes,no,2.261443,no,2.621941,0.672963,no,Public_Transportation,0
Male,27.544935,1.748659,121.062679,yes,yes,2.070063,1.514641,Frequently,no,1.312377,no,0.432944,0.895253,Frequently,Public_Transportation,1
Female,20.419550,1.672112,85.066144,yes,yes,2.040954,3.956792,Sometimes,no,1.570201,no,0.269277,1.631768,Sometimes,Public_Transportation,0
Female,18.214990,1.690558,58.450417,no,yes,1.797146,2.914140,Frequently,no,2.957322,no,1.769648,1.728250,Sometimes,Public_Transportation,0
Male,29.308977,1.760695,108.204533,yes,yes,2.000218,1.207350,Always,no,1.019452,no,0.613747,0.381926,no,Public_Transportation,1
Male,23.764590,1.708140,83.403936,yes,no,2.785214,1.739976,Sometimes,no,2.102763,no,1.423000,0.140807,no,Public_Transportation,0
Female,19.452678,1.584369,77.603623,no,yes,1.089201,2.534383,Sometimes,no,1.351758,no,2.031312,0.968527,Sometimes,Public_Transportation,0
Male,19.935966,1.786125,100.352871,yes,yes,1.750438,2.925016,Sometimes,no,1.444940,no,1.649321,0.548974,Sometimes,Public_Transportation,0
Female,26.835698,1.652993,57.662891,yes,yes,2.441747,3.435722,Sometimes,no,2.871990,yes,0.071567,0.583235,no,Automobile,0
Female,21.075942,1.557243,78.012451,yes,no,1.998426,3.701851,Sometimes,no,2.033612,no,0.266537,0.230486,Sometimes,Public_Transportation,0
Female,27.426305,1.661542,80.013741,yes,no,1.746480,1.783454,Sometimes,no,2.935685,no,1.103449,0.692296,no,Public_Transportation,0
Male,23.614539,1.844628,146.447431,yes,yes,2.571175,3.560469,Sometimes,no,1.335627,no,2.164666,0.870090,Sometimes,Public_Transportation,0
Female,14.699263,1.538392,45.266464,yes,yes,1.026223,2.571741,no,no,2.378399,no,0.769731,1.130671,Sometimes,Public_Transportation,0
Female,23.599417,1.613696,125.068200,yes,yes,2.700134,3.302973,Sometimes,no,2.741975,no,1.366752,0.628251,Sometimes,Public_Transportation,0
Female,25.409970,1.572258,80.926965,yes,yes,1.757091,3.864353,Sometimes,no,1.611680,no,2.302745,0.565082,Sometimes,Public_Transportation,0
Male,27.485615,1.789274,77.995161,yes,yes,2.325021,1.853049,Sometimes,no,2.597845,no,0.651584,0.812154,Sometimes,Automobile,0
Male,16.403682,1.708797,88.435096,no,yes,2.625123,1.775590,Sometimes,no,1.861076,no,2.795986,1.000901,Sometimes,Automobile,0
Male,18.714081,1.801841,93.956650,yes,yes,1.380100,1.267671,Sometimes,no,1.723982,no,2.966981,1.145702,Sometimes,Automobile,0
Female,15.946425,1.684117,75.267714,yes,yes,2.530980,2.781018,Sometimes,no,1.065259,no,2.877698,0.677231,Sometimes,Public_Transportation,0
Female,15.346762,1.554687,59.738648,yes,yes,1.178068,2.158143,Sometimes,no,1.880088,no,1.896585,1.440386,Sometimes,Public_Transportation,0
Female,22.428671,1.681351,85.433936,yes,no,1.596124,2.986530,Sometimes,no,1.571374,no,2.009565,0.471183,no,Automobile,0
Female,18.709257,1.684982,53.294099,yes,yes,2.974097,2.682029,Sometimes,no,1.339204,no,1.154697,1.630792,Sometimes,Public_Transportation,0
Male,16.338227,1.737885,89.658489,yes,yes,2.463758,2.219107,Sometimes,no,1.786407,no,1.545122,0.381824,Sometimes,Public_Transportation,0
Female,20.627122,1.630807,54.428570,yes,yes,2.827996,3.639231,Sometimes,no,2.132133,no,1.283197,0.683910,Sometimes,Public_Transportation,0
Male,26.077363,1.765630,110.183400,yes,yes,2.625288,1.986407,Sometimes,no,2.039831,no,0.470825,0.005741,Sometimes,Automobile,1
Female,25.976503,1.767893,106.884207,yes,yes,1.753935,2.544678,Sometimes,no,1.915694,no,2.054857,1.084412,Sometimes,Public_Transportation,0
Female,21.463228,1.636284,73.883910,yes,no,2.509748,1.502968,Sometimes,no,2.311637,no,1.017501,1.226031,Sometimes,Automobile,0
Female,20.337625,1.648180,71.123181,no,no,1.001925,3.063098,Sometimes,no,2.507853,no,2.988194,1.359912,no,Public_Transportation,0
Female,28.328425,1.778894,86.278204,no,yes,1.460028,1.511836,Sometimes,no,2.965111,no,1.997246,0.347297,no,Public_Transportation,0
Female,16.408436,1.613713,81.539549,yes,yes,2.043736,3.329192,Sometimes,no,2.921872,no,0.384567,0.985445,Sometimes,Public_Transportation,0
Male,17.673466,1.759885,61.900682,no,yes,1.617834,2.181010,Sometimes,no,2.948091,no,0.769138,0.361993,no,Public_Transportation,0
Male,17.951871,1.853616,83.232821,no,yes,2.595181,2.729813,Sometimes,no,1.794872,no,1.982886,0.045785,no,Walking,0
Female,17.739907,1.754661,55.354102,yes,no,1.717647,3.143228,Sometimes,no,2.625062,no,1.217026,1.255087,no,Public_Transportation,0
Female,15.574185,1.619721,106.972901,yes,yes,2.225345,2.617635,Sometimes,no,2.238063,no,2.180157,1.979404,Sometimes,Public_Transportation,0
Male,18.913294,1.787409,100.422789,yes,yes,1.410391,2.608668,Frequently,no,2.457907,no,0.534875,1.981094,Sometimes,Public_Transportation,0
Female,15.208561,1.705530,62.112216,yes,yes,1.454637,2.775836,Sometimes,no,2.973776,no,2.488034,1.597688,Sometimes,Public_Transportation,0
Female,22.176934,1.583218,60.166161,yes,yes,2.604055,2.985686,Frequently,no,1.067341,no,2.416305,0.022512,Sometimes,Public_Transportation,0
Female,28.120881,1.604178,48.522051,yes,yes,1.955628,2.468934,Sometimes,no,2.153272,yes,2.929091,0.582821,Sometimes,Public_Transportation,0
Female,19.986471,1.703481,62.134315,no,yes,2.445012,1.613305,Sometimes,no,2.093200,no,1.299421,1.723518,Sometimes,Public_Transportation,0
Male,16.820233,1.804310,85.742602,yes,no,2.074734,1.791885,Sometimes,no,1.767565,no,2.729385,0.643176,Sometimes,Motorbike,0
Female,17.691842,1.732419,84.146884,yes,yes,1.921413,1.868969,Frequently,no,2.807906,no,1.387394,0.159036,Sometimes,Public_Transportation,0
Female,22.040486,1.744604,66.605939,yes,yes,1.164183,2.711805,Sometimes,no,2.403099,no,0.274190,0.483147,Sometimes,Public_Transportation,0
Female,29.296871,1.610203,46.192421,yes,yes,2.598241,1.587737,Frequently,no,1.521456,no,1.162209,0.058459,no,Public_Transportation,0
Female,19.239660,1.676436,80.685477,yes,yes,1.037703,2.218442,Sometimes,no,2.374652,no,2.619453,1.261834,Sometimes,Automobile,0
Male,24.296829,1.788695,108.080484,yes,yes,2.056422,2.030160,Sometimes,no,2.913707,no,2.541276,1.339272,Sometimes,Public_Transportation,0
Female,23.011606,1.495254,104.530099,yes,yes,1.487477,3.758360,Sometimes,no,1.109626,no,0.867500,1.452981,Frequently,Public_Transportation,0
Male,30.449908,1.769504,115.902520,yes,yes,1.687907,1.225850,Always,no,2.329677,no,2.094770,1.386141,Sometimes,Automobile,1
Female,24.532278,1.625360,101.192377,yes,yes,1.281998,1.109387,Sometimes,no,2.783401,no,0.838439,0.495542,Sometimes,Public_Transportation,0
Female,24.455800,1.675829,65.270542,yes,yes,1.563100,3.376768,Sometimes,no,1.582638,no,0.286877,0.477305,Sometimes,Automobile,0
Female,20.295582,1.584470,115.813312,yes,no,1.698974,2.023636,Sometimes,no,1.443276,no,1.899662,1.010618,Sometimes,Automobile,0
Male,15.251973,1.785818,85.128982,yes,yes,2.774555,3.030634,Sometimes,no,2.895598,no,2.266214,1.380326,Frequently,Public_Transportation,0
Female,17.113318,1.661159,48.628280,yes,yes,2.620558,2.895304,Sometimes,no,2.742658,no,0.826331,1.225380,Sometimes,Public_Transportation,0
Female,23.535541,1.659618,57.721759,yes,yes,1.582785,3.337115,Sometimes,no,1.581830,no,2.156029,0.387917,Sometimes,Public_Transportation,0
Female,25.614004,1.660095,89.220867,yes,yes,2.607885,1.287105,Frequently,no,2.436405,no,1.269975,1.747281,no,Public_Transportation,0
Male,20.515782,1.778734,69.694580,yes,yes,1.644636,2.570504,Sometimes,no,2.926477,no,2.484628,0.329022,Sometimes,Public_Transportation,0
Male,29.511270,1.801793,113.649392,yes,yes,2.140765,2.941869,no,no,2.088596,no,0.036252,1.361674,Sometimes,Public_Transportation,1
Male,15.265857,1.799643,103.813911,yes,yes,2.345034,3.670164,Sometimes,yes,1.612079,no,1.460110,1.835253,Sometimes,Automobile,0
Female,22.465619,1.673590,87.128901,yes,yes,2.640759,1.349336,Sometimes,no,2.315034,no,1.749987,1.310132,Sometimes,Automobile,0
Male,18.288295,1.741086,81.320692,yes,yes,1.629861,1.130677,Sometimes,no,2.157718,yes,1.086038,0.851647,Sometimes,Public_Transportation,0
Female,20.469371,1.649669,43.036737,no,yes,2.535592,1.071639,Sometimes,no,2.930654,no,0.264538,0.212832,Sometimes,Public_Transportation,0
Female,25.000000,1.630000,93.000000,no,no,3.000000,4.000000,Always,no,1.000000,no,2.000000,0.000000,no,Public_Transportation,1
Female,26.923020,1.674990,94.082539,yes,yes,2.015799,2.363380,Sometimes,yes,1.533062,no,0.032776,0.352957,Sometimes,Public_Transportation,0
Male,19.237285,1.862159,85.136274,yes,yes,1.610550,3.417614,Sometimes,no,1.317104,no,1.000031,1.166646,Sometimes,Automobile,0
Female,15.198811,1.675511,79.831351,no,yes,2.977513,2.693115,Sometimes,no,1.065285,no,0.520651,0.085528,Sometimes,Public_Transportation,0
Male,28.829009,1.750232,89.619184,yes,yes,1.648008,3.891005,Sometimes,no,1.017770,no,0.564192,0.011828,Sometimes,Public_Transportation,0
Female,17.849536,1.668611,60.307736,yes,no,2.562435,2.847104,Sometimes,no,2.890490,yes,2.609498,1.461790,Sometimes,Public_Transportation,0
Female,15.045138,1.736477,130.460905,yes,yes,1.709882,3.397223,Sometimes,no,1.369728,no,1.976263,0.796352,no,Automobile,0
Female,17.060908,1.752418,74.536064,yes,yes,2.646718,1.995334,Sometimes,no,2.570940,no,1.384465,0.403283,Sometimes,Public_Transportation,0
Male,20.448846,1.820064,116.060837,no,yes,1.273170,3.718932,Frequently,no,2.729172,no,2.244335,0.740146,no,Automobile,0
Male,23.340375,1.727252,104.942198,yes,yes,1.739319,3.997201,Sometimes,no,1.753077,no,1.398650,1.417098,Sometimes,Public_Transportation,1
Female,26.434556,1.666915,49.602337,yes,yes,2.260204,2.547027,no,no,2.111676,no,2.703694,1.361024,no,Automobile,0
Female,25.281919,1.656344,64.357164,yes,yes,2.176842,1.296245,Sometimes,no,2.905060,no,2.237690,0.270422,Sometimes,Public_Transportation,0
Female,15.407736,1.498232,59.132685,no,yes,2.199340,1.057620,Sometimes,no,2.183492,no,2.019505,1.478257,Sometimes,Public_Transportation,0
Male,14.846973,1.781892,89.504068,yes,yes,2.677924,2.556608,no,no,2.400394,no,0.395414,0.223144,Frequently,Public_Transportation,0
Male,24.356466,1.696193,108.551050,yes,yes,2.918578,2.635279,Sometimes,no,1.632200,no,0.975065,1.298395,Frequently,Automobile,1
Male,20.874636,1.787893,52.316225,yes,no,1.729383,1.428750,Frequently,no,1.347152,no,0.538434,0.502280,Frequently,Public_Transportation,0
Female,22.463101,1.658441,86.334843,yes,yes,1.233605,1.074947,Sometimes,no,2.788888,no,0.071775,1.620011,no,Public_Transportation,0
Female,18.114938,1.788329,72.274067,yes,yes,1.155266,2.750634,Sometimes,no,2.154290,no,1.849969,0.120683,no,Automobile,0
Male,23.387428,1.719172,88.633798,yes,yes,2.190711,2.798261,Sometimes,no,2.729644,yes,0.877769,0.079763,Sometimes,Public_Transportation,0
Male,32.676016,1.716811,113.994467,yes,yes,1.619329,2.766184,Sometimes,no,1.367949,no,0.752253,1.093633,no,Public_Transportation,1
Female,22.894099,1.597257,83.764225,yes,yes,1.220340,1.695808,Sometimes,no,2.445904,no,2.328116,1.430649,Sometimes,Public_Transportation,0
Male,34.199000,1.776376,124.245511,yes,no,2.356721,2.805646,Sometimes,no,2.827265,no,1.425576,1.303435,Sometimes,Public_Transportation,1
Female,24.366541,1.673232,82.677614,no,yes,1.881810,1.617821,Sometimes,no,2.567612,no,0.776874,0.801751,Sometimes,Public_Transportation,0
Female,26.838927,1.644204,54.228975,yes,yes,2.573143,1.077927,Sometimes,no,2.926013,no,1.655916,0.162861,Sometimes,Public_Transportation,0
Female,20.100508,1.612711,74.452642,no,yes,2.708834,3.675173,Sometimes,no,2.683260,no,2.012425,1.902725,Sometimes,Public_Transportation,0
Female,31.354974,1.747546,114.361578,yes,yes,2.567496,1.792031,Sometimes,no,1.261651,no,1.178032,0.997222,Sometimes,Public_Transportation,0
Female,21.064003,1.621947,56.748706,yes,yes,2.948390,2.266864,no,no,2.327209,no,1.834241,0.764384,Sometimes,Automobile,0
Female,16.752687,1.606975,42.992125,yes,yes,2.701784,1.478734,Sometimes,no,1.238516,no,2.036649,0.299095,Sometimes,Public_Transportation,0
Male,30.330969,1.744208,116.531362,yes,yes,1.866260,3.497515,Sometimes,no,1.590954,no,0.512333,0.259296,Frequently,Public_Transportation,1
Female,33.198871,1.671949,89.246906,yes,yes,1.504999,1.721906,Frequently,no,2.098458,no,1.914287,0.568648,Sometimes,Public_Transportation,0
Male,26.144154,1.729183,113.429711,yes,yes,2.636406,1.816138,Sometimes,no,2.465475,no,0.997743,0.381779,Sometimes,Public_Transportation,0
Male,33.816524,1.711276,105.433332,yes,yes,2.868586,2.175097,Sometimes,no,1.617528,no,1.436684,1.458776,Sometimes,Public_Transportation,1
Male,21.056265,1.786588,66.952878,yes,yes,1.565073,1.786521,Frequently,no,2.802130,no,0.905288,1.344126,Frequently,Public_Transportation,0
Female,14.456415,1.716877,82.515394,yes,yes,1.139384,1.923971,Frequently,no,1.925076,no,0.962572,1.762497,Sometimes,Public_Transportation,0
Female,17.093809,1.615831,54.837540,yes,yes,2.223678,2.375034,Sometimes,no,1.118807,no,0.312314,1.301931,Sometimes,Public_Transportation,0
Male,23.346488,1.807282,91.586478,yes,yes,2.904520,2.124495,Sometimes,no,2.316393,no,0.742315,0.683142,Sometimes,Automobile,0
Male,23.496008,1.850361,126.145792,yes,yes,2.524280,3.924150,Sometimes,no,2.345620,no,0.061589,0.697761,no,Automobile,0
Male,17.366805,1.776655,76.172822,yes,yes,2.658828,3.569805,Sometimes,no,1.311066,no,1.448904,0.513778,Sometimes,Public_Transportation,0
Male,22.244091,1.701049,109.306049,yes,yes,1.998641,3.805909,Sometimes,no,2.951669,no,0.456003,1.467588,Sometimes,Public_Transportation,1
Male,22.705648,1.712524,106.945338,no,no,1.653735,1.886491,Frequently,no,2.098887,no,1.130693,0.562334,no,Automobile,0
Male,21.028198,1.771755,122.909906,yes,yes,1.554311,2.834797,Sometimes,no,1.430686,no,0.616399,1.266091,Sometimes,Public_Transportation,1
Male,23.688337,1.844818,57.324373,yes,yes,2.533657,1.296121,Sometimes,no,1.696340,no,0.064931,1.013219,Sometimes,Public_Transportation,0
Female,18.899504,1.592688,117.457419,yes,yes,1.035406,2.344174,Sometimes,no,2.090287,no,2.301935,1.249306,Sometimes,Public_Transportation,0
Male,32.336900,1.758056,109.698154,yes,yes,2.454055,1.584468,Sometimes,no,2.736158,no,0.721119,0.554883,Sometimes,Public_Transportation,1
Male,17.960660,1.786500,61.586802,yes,yes,2.207395,2.239278,Sometimes,no,2.971072,no,0.467252,1.579648,no,Public_Transportation,0
Male,24.523858,1.765014,50.509676,yes,yes,1.058936,2.634620,Sometimes,no,2.191008,no,0.236272,1.061313,Sometimes,Public_Transportation,0
Female,18.565642,1.562771,40.898632,yes,yes,1.893003,1.891752,Sometimes,no,1.730500,no,1.048739,0.748268,Sometimes,Public_Transportation,0
Female,23.142271,1.602345,94.616265,yes,yes,1.404930,3.132034,Sometimes,no,2.116838,no,1.501944,0.893350,Sometimes,Public_Transportation,0
Male,18.319304,1.697885,53.618938,yes,yes,1.754860,3.450848,Frequently,no,1.110593,no,0.028623,0.847193,Sometimes,Public_Transportation,0
Female,22.157408,1.689588,60.240629,yes,yes,1.738482,2.910225,Sometimes,no,2.620265,no,1.117635,0.112090,Sometimes,Public_Transportation,0
Female,31.828949,1.651805,118.692731,yes,yes,2.521418,1.508664,Sometimes,no,2.872640,no,2.007272,0.208803,Sometimes,Public_Transportation,0
Male,19.932656,1.739611,90.544475,yes,yes,2.412348,2.459053,Sometimes,no,1.854552,no,1.925847,0.062568,Sometimes,Public_Transportation,0
Female,17.786127,1.709800,92.133506,no,yes,2.139696,3.534966,Sometimes,no,1.156230,no,1.137891,0.340854,no,Public_Transportation,0
Male,27.085189,1.741097,118.799781,yes,yes,2.132280,2.959517,Sometimes,no,1.382932,no,1.780536,1.391632,Sometimes,Public_Transportation,1
Male,22.994096,1.866526,65.210936,yes,yes,2.383186,1.281131,Sometimes,no,2.082543,no,1.313055,0.274135,Sometimes,Automobile,0
Male,17.760958,1.760114,69.421075,yes,yes,2.265509,1.155464,Sometimes,no,1.426119,no,0.391896,0.907815,no,Public_Transportation,0
Female,21.646448,1.573518,74.946870,yes,yes,2.989053,3.990772,Sometimes,no,2.477806,no,2.852107,0.759055,Sometimes,Public_Transportation,0
Male,23.738805,1.799831,115.619223,yes,yes,1.621406,3.743243,no,no,2.634501,no,1.488655,1.061894,no,Public_Transportation,1
Male,18.107992,1.792513,71.877207,yes,yes,1.195888,3.936456,Sometimes,no,1.504861,no,2.309012,1.293569,no,Motorbike,0
Male,26.979082,1.755450,114.154881,yes,yes,2.800280,1.814931,Sometimes,no,2.177096,no,0.655397,0.956729,Sometimes,Automobile,1
Female,22.105604,1.640911,61.513487,no,yes,2.570248,3.494082,Sometimes,no,1.165296,no,1.687395,1.286513,no,Public_Transportation,0
Male,32.021277,1.819036,122.796068,yes,yes,1.813383,3.234638,Frequently,no,2.871333,no,1.061718,0.949869,Sometimes,Public_Transportation,1
Female,19.442128,1.724531,72.527659,yes,yes,1.729545,2.919962,Sometimes,no,2.385814,no,1.420275,0.218147,Sometimes,Public_Transportation,0
Female,17.756772,1.687467,52.602746,yes,yes,2.818236,1.292621,Sometimes,no,1.235107,no,1.730972,0.643784,Sometimes,Walking,0
Male,28.507398,1.772989,83.047443,yes,yes,1.221034,1.124359,Sometimes,no,2.507030,no,1.643800,0.526638,no,Automobile,0
Male,25.842416,1.808503,55.247649,yes,yes,2.848401,3.755673,Frequently,no,1.181372,no,1.475642,0.520288,no,Automobile,0
Male,26.233728,1.737340,116.516036,yes,yes,1.672927,2.105108,Sometimes,no,2.888918,no,0.621995,0.032404,Sometimes,Automobile,1
Female,24.532493,1.615975,69.342909,yes,yes,1.061831,3.810247,Sometimes,no,1.821863,no,0.580611,0.355399,Sometimes,Walking,0
Female,21.992853,1.659288,71.917236,yes,no,1.275308,3.606194,Sometimes,no,1.411267,no,1.251925,0.481721,Sometimes,Automobile,0
Female,16.947969,1.769461,53.902070,yes,no,1.503688,1.171445,Sometimes,no,1.468455,no,1.211167,0.935258,no,Public_Transportation,0
Female,23.588220,1.651842,46.888504,yes,yes,1.421433,2.584409,Sometimes,no,1.830402,no,1.544603,0.416611,Sometimes,Automobile,0
Male,20.123522,1.614782,67.728878,no,yes,2.078772,1.185534,Sometimes,no,2.377387,no,0.071787,1.292233,Sometimes,Public_Transportation,0
Male,19.378363,1.716616,84.630670,yes,yes,1.889898,3.022025,Sometimes,no,2.155783,no,1.459532,0.025383,no,Public_Transportation,0
Female,29.016446,1.600205,57.828545,yes,yes,1.370857,2.131055,Sometimes,no,1.508241,no,1.569419,1.262835,Sometimes,Public_Transportation,0
Male,23.258945,1.824664,124.041846,yes,yes,1.511329,1.128926,Sometimes,no,1.067539,no,1.319043,1.164765,no,Walking,1
Female,23.026739,1.628466,67.619101,yes,yes,1.232896,2.982470,Frequently,no,2.522123,no,2.850362,0.485394,Sometimes,Public_Transportation,0
Female,24.724326,1.695285,142.318658,yes,yes,1.618177,2.096078,Sometimes,no,2.270063,no,2.260262,1.189612,Sometimes,Public_Transportation,0
Male,30.122701,1.968932,106.402634,yes,no,1.866159,1.181343,Sometimes,no,1.170481,no,1.155255,0.472976,Sometimes,Public_Transportation,0
Male,26.968576,1.684371,125.911471,yes,yes,1.367602,1.354329,Sometimes,no,2.115245,no,1.688601,1.388476,no,Public_Transportation,0
Female,22.105460,1.562450,53.980008,yes,yes,2.818400,1.635440,Sometimes,no,2.113180,no,1.590087,1.151458,Sometimes,Public_Transportation,0
Male,19.339961,1.797554,73.411797,yes,yes,1.594130,2.473758,Sometimes,no,2.304078,no,1.637102,1.333159,Sometimes,Public_Transportation,0
Male,20.337794,1.740790,64.022986,yes,yes,2.763342,2.357618,Sometimes,no,2.982925,no,1.348792,0.135859,no,Automobile,0
Male,17.007388,1.701533,51.985324,yes,yes,2.568413,1.319092,Frequently,no,1.482550,no,1.198506,0.332653,Sometimes,Public_Transportation,0
Male,17.947329,1.821961,158.252472,no,yes,2.004097,2.007540,Sometimes,no,2.723814,no,2.713530,0.855378,no,Public_Transportation,0
Female,14.852553,1.487154,102.852702,yes,yes,2.271356,3.259855,Sometimes,no,1.466851,no,0.678258,1.879692,no,Public_Transportation,0
Female,20.433914,1.636669,46.020526,yes,yes,1.603006,2.389870,Sometimes,no,2.533502,no,0.157139,1.341349,Sometimes,Automobile,0
Male,26.811931,1.828335,130.722667,yes,yes,2.791326,1.784261,Sometimes,no,1.604409,no,1.831818,0.270079,Sometimes,Automobile,1
Male,18.423240,1.787428,88.321199,yes,yes,1.323142,2.453771,Sometimes,no,2.820042,no,2.911895,1.662202,no,Public_Transportation,0
Female,16.878086,1.566003,37.930566,yes,yes,1.621783,2.231014,Sometimes,no,2.561143,no,1.403560,1.651048,no,Public_Transportation,0
Female,16.589649,1.548214,36.719683,yes,yes,1.860838,1.322309,Sometimes,no,2.293306,no,2.457930,1.949642,Sometimes,Public_Transportation,0
Female,36.032801,1.552503,100.791551,no,yes,1.756528,1.735493,Sometimes,no,1.732456,no,0.441999,0.426757,no,Public_Transportation,0
Female,15.703677,1.558131,43.364874,yes,yes,1.813938,3.443613,Sometimes,no,2.156623,no,1.617490,0.306242,Sometimes,Automobile,0
Male,22.885113,1.793649,118.569294,yes,yes,1.676480,3.158529,Sometimes,no,2.827295,no,0.915449,1.138110,Sometimes,Automobile,1
Male,24.911690,1.766782,107.113867,yes,yes,1.783805,2.050377,Sometimes,no,2.230593,no,1.356038,0.790552,Sometimes,Automobile,1
Female,19.604790,1.556150,44.753079,no,no,1.032927,2.894988,Sometimes,no,1.456828,no,2.898027,0.841371,no,Public_Transportation,0
Female,16.524472,1.707100,49.412427,yes,no,2.150813,1.318163,Sometimes,no,1.989288,no,0.303303,1.997093,Sometimes,Public_Transportation,0
Female,22.614232,1.629405,82.321681,no,yes,2.023354,2.274820,Sometimes,no,2.408161,no,0.968061,1.970422,no,Automobile,0
Female,22.652830,1.695200,45.743976,yes,yes,1.090638,2.372070,Frequently,no,2.318756,no,1.859906,0.744584,Sometimes,Public_Transportation,0
Female,20.800257,1.761950,142.920939,no,yes,2.970663,3.254373,Sometimes,no,2.448152,yes,0.568095,0.309845,Sometimes,Walking,0
Female,23.927584,1.689181,82.649305,yes,no,2.921261,1.162029,Sometimes,no,1.443833,no,2.810194,0.089999,Sometimes,Public_Transportation,0
Female,32.460023,1.621392,72.236649,yes,yes,2.681831,2.663632,Sometimes,no,2.815246,no,1.717762,0.195937,Sometimes,Automobile,0
Male,33.995836,1.797438,117.687125,yes,yes,2.958200,2.283162,Sometimes,no,1.485762,no,2.318767,0.916161,no,Public_Transportation,1
Female,18.072225,1.639319,74.870913,yes,yes,1.361507,1.400822,Sometimes,no,2.941223,no,1.639108,1.357247,Sometimes,Public_Transportation,0
Female,19.190701,1.569480,62.803720,yes,yes,1.301431,1.231720,Sometimes,no,1.869996,no,1.521387,0.490010,Sometimes,Automobile,0
Male,16.249825,1.701287,75.388186,yes,yes,2.253984,2.182249,Sometimes,no,2.497920,no,0.814095,0.720265,Sometimes,Public_Transportation,0
Female,23.682000,1.736769,129.983690,yes,no,2.522426,2.126684,Sometimes,no,1.427074,no,0.514297,1.530203,Sometimes,Public_Transportation,0
Female,21.819851,1.675017,73.320286,no,yes,2.726490,1.473048,Sometimes,no,1.158979,no,1.222366,1.647768,Sometimes,Public_Transportation,0
Female,18.849427,1.685800,80.977700,yes,yes,1.312200,2.180535,Sometimes,no,2.794402,no,2.875450,0.392233,Sometimes,Automobile,0
Male,20.704006,1.695378,61.026145,yes,yes,2.064376,3.851984,Frequently,no,1.889014,no,1.703159,0.852804,Sometimes,Walking,0
Male,18.731026,1.835630,56.373137,yes,yes,2.938651,3.059539,Sometimes,no,1.310117,no,1.753654,1.627567,no,Public_Transportation,0
Female,26.696287,1.730350,95.683831,yes,yes,2.919738,2.664017,Sometimes,no,1.420814,no,1.800378,0.987513,no,Public_Transportation,0
Female,25.268222,1.671400,79.686300,yes,yes,2.105496,2.858272,Sometimes,no,2.512719,no,1.536914,0.904054,no,Public_Transportation,0
Female,24.039293,1.611443,54.183601,yes,yes,1.715532,1.923408,Sometimes,no,2.225797,no,2.560872,0.638038,no,Public_Transportation,0
Male,20.539333,1.744752,105.904572,no,no,2.823694,3.849585,Frequently,no,2.082641,no,0.874620,0.485237,no,Automobile,0
Male,23.685387,1.823566,53.772119,yes,yes,2.962750,3.083064,Sometimes,no,1.650291,yes,0.912674,0.358565,no,Public_Transportation,0
Male,15.704765,1.756199,85.385613,yes,yes,2.316150,3.576415,Sometimes,no,1.514552,no,2.774780,1.281888,Sometimes,Public_Transportation,0
Female,21.964430,1.572254,63.027321,no,yes,2.540828,1.482364,Sometimes,no,2.632070,no,0.025102,0.571606,Sometimes,Public_Transportation,0
Male,24.448890,1.825379,95.037645,no,yes,1.839911,3.703245,Sometimes,no,1.346945,no,1.311259,0.278603,Sometimes,Public_Transportation,0
Female,15.993645,1.777020,62.738625,yes,yes,1.072004,2.163453,no,no,2.682769,no,2.213546,0.735692,no,Public_Transportation,0
Male,20.701077,1.688207,103.043887,yes,yes,1.633843,3.987650,Sometimes,no,1.323236,no,0.434886,0.691360,Sometimes,Public_Transportation,0
Female,22.488605,1.646350,68.922230,yes,yes,2.538264,3.713304,Frequently,no,2.978833,no,0.453429,1.354475,Sometimes,Public_Transportation,0
Female,18.223287,1.596495,41.235042,yes,yes,2.046931,1.063200,Sometimes,no,2.947667,no,2.629231,0.857455,no,Public_Transportation,0
Male,16.897569,1.758282,102.170437,yes,yes,2.530187,3.952392,Sometimes,no,2.377140,no,0.573162,1.966190,no,Public_Transportation,0
Male,19.096138,1.671620,117.130806,yes,yes,1.055153,1.888288,Sometimes,no,2.879417,no,2.657560,0.908438,no,Public_Transportation,0
Female,33.898866,1.577304,61.728444,yes,yes,2.460335,1.999753,Sometimes,no,2.434084,no,1.331643,0.083255,Sometimes,Public_Transportation,0
Female,30.214628,1.711641,71.271627,no,yes,1.585026,2.530668,Sometimes,no,2.593656,no,2.652779,1.688475,Sometimes,Public_Transportation,0
Male,29.691602,1.764295,117.429987,yes,yes,2.337747,3.578136,Sometimes,no,2.299301,no,1.754219,0.324552,Sometimes,Public_Transportation,1
Male,31.188275,1.733290,102.983449,yes,yes,1.828397,3.809999,Sometimes,no,1.647556,no,0.319256,0.784767,Sometimes,Public_Transportation,1
Female,17.256451,1.595611,68.746245,yes,yes,2.995879,2.876888,Sometimes,no,2.136931,no,1.473166,1.230076,Sometimes,Public_Transportation,0
Male,21.106806,1.816346,106.646624,yes,yes,1.165500,2.025506,Frequently,no,1.714099,no,1.731331,1.047341,no,Public_Transportation,0
Female,19.944782,1.682270,60.861450,yes,yes,2.564801,1.996036,Sometimes,no,2.755155,no,1.422713,0.345478,no,Public_Transportation,0
Male,27.854084,1.696460,105.635674,yes,yes,2.350901,3.475599,no,no,1.455923,no,2.247119,1.236848,Sometimes,Public_Transportation,1
Male,31.189183,1.788783,121.678616,yes,yes,2.838504,3.333873,Sometimes,no,1.296378,no,0.747451,0.355753,Sometimes,Automobile,1
Female,20.271784,1.575825,44.765503,no,yes,2.146277,3.805676,Sometimes,no,2.383486,no,0.792532,0.244996,no,Public_Transportation,0
Female,17.623695,1.702393,68.167615,yes,yes,1.824112,3.974359,Sometimes,no,1.988735,no,1.649865,0.542026,Sometimes,Public_Transportation,0
Female,16.369286,1.675699,47.408960,no,yes,1.661205,3.003200,Frequently,no,2.426161,no,1.083577,0.309866,no,Automobile,0
Female,21.485625,1.560406,41.667522,yes,yes,1.083273,1.681250,Sometimes,no,1.724515,no,2.994365,1.123565,Sometimes,Automobile,0
Male,26.729625,1.770652,121.877269,yes,yes,2.825084,2.622315,Sometimes,no,2.122655,no,2.451640,1.427043,Sometimes,Public_Transportation,1
Male,15.747297,1.870082,117.331876,no,yes,2.123431,1.391791,Sometimes,no,1.059160,no,0.670907,0.524656,Sometimes,Public_Transportation,0
Male,31.724186,1.757733,120.651222,yes,yes,2.335528,3.324337,Always,no,1.840383,no,1.760509,1.260616,no,Automobile,1
Female,20.817791,1.611810,56.957651,yes,yes,1.910338,3.232911,Sometimes,no,1.666064,yes,1.107266,0.104633,Sometimes,Public_Transportation,0
Male,14.148805,1.746835,89.664934,yes,yes,2.635402,1.190438,Sometimes,no,2.399298,no,2.228278,0.711569,Sometimes,Public_Transportation,0
Male,15.300838,1.813463,49.935021,no,yes,1.630591,3.077468,Sometimes,no,1.516774,no,0.309054,0.509821,Sometimes,Motorbike,0
Male,15.908815,1.833814,54.517160,yes,no,2.225175,2.007565,Sometimes,no,2.807488,no,1.747313,0.780471,no,Public_Transportation,0
Female,25.232137,1.538477,77.705340,yes,yes,1.865788,1.941867,Sometimes,no,2.220112,no,0.352429,0.096051,Sometimes,Public_Transportation,0
Female,16.418294,1.664713,42.502111,yes,yes,2.825910,2.373964,Sometimes,no,1.182198,no,1.254847,1.078498,Sometimes,Public_Transportation,0
Female,20.849682,1.627433,71.937033,no,yes,1.502258,3.444167,Sometimes,no,2.351074,no,0.906932,0.951554,Sometimes,Public_Transportation,0
Male,27.637600,1.730393,113.807322,yes,yes,2.143749,1.305727,Sometimes,no,1.022657,no,0.040671,1.106200,no,Public_Transportation,1
Male,26.055207,1.757850,121.280965,yes,yes,2.397060,2.239470,Sometimes,no,2.190572,no,0.334050,0.726282,no,Automobile,1
Female,28.749008,1.710838,120.740339,yes,yes,1.370473,1.993364,Sometimes,no,1.047522,no,0.583622,1.612486,Sometimes,Public_Transportation,0
Female,22.252562,1.549724,37.703447,yes,yes,2.619770,3.630985,Sometimes,no,1.109307,no,2.520120,0.069882,no,Public_Transportation,0
Male,27.398331,1.788628,118.460207,yes,yes,2.337595,1.400453,Sometimes,no,2.659104,no,1.844967,0.056032,no,Automobile,1
Male,26.182157,1.847032,131.220213,yes,yes,2.018730,2.411681,Sometimes,no,1.294726,no,1.249768,1.174232,Sometimes,Public_Transportation,1
Female,25.968311,1.640837,121.113605,yes,yes,2.162980,1.071529,Sometimes,no,2.044054,no,2.501490,1.748347,Sometimes,Public_Transportation,0
Male,19.238116,1.699298,114.475540,yes,yes,1.818464,3.266399,Sometimes,no,1.165484,no,1.073913,0.493308,no,Automobile,0
Female,16.631868,1.667358,46.975827,yes,yes,1.774178,1.711549,Always,no,1.134416,no,0.305555,0.302917,no,Public_Transportation,0
Male,36.334310,1.790080,129.568760,yes,yes,2.176936,3.418748,Sometimes,no,2.537776,no,0.560724,0.964999,Sometimes,Public_Transportation,0
Female,16.880091,1.697511,81.398478,yes,yes,1.261098,2.833566,Sometimes,no,2.664684,no,2.526045,0.570722,Sometimes,Public_Transportation,0
Male,19.000916,1.768523,87.243960,yes,yes,2.427378,2.562603,Sometimes,yes,2.331337,no,0.516820,1.258896,no,Public_Transportation,0
Male,26.367269,1.723091,101.924455,yes,yes,2.559485,1.246374,Sometimes,no,1.389610,no,0.033130,1.124430,Sometimes,Bike,1
Female,20.504822,1.684183,87.524197,yes,no,1.073150,1.448990,Sometimes,no,1.721339,no,2.882580,1.946560,Sometimes,Public_Transportation,0
Female,24.353697,1.679269,93.337469,yes,yes,1.287617,1.691620,Frequently,no,2.229468,no,2.990687,1.968765,Sometimes,Public_Transportation,0
Female,24.407730,1.679570,114.103891,yes,yes,2.926626,1.053675,Sometimes,no,1.073168,no,0.043287,0.461380,Sometimes,Automobile,0
Female,25.425359,1.648191,79.557542,no,yes,2.635628,3.324812,Sometimes,no,2.179310,no,0.797878,0.715356,no,Public_Transportation,0
Male,24.462960,1.738082,56.893447,yes,yes,1.194597,1.934473,Sometimes,no,1.327737,no,1.736216,1.046440,no,Public_Transportation,0
Male,20.713634,1.720883,52.809723,yes,yes,2.320555,3.487893,Sometimes,no,2.859034,no,0.442520,1.766303,Sometimes,Public_Transportation,0
Male,20.881326,1.708263,49.550066,yes,yes,1.035303,1.584784,Sometimes,no,1.259292,no,1.630998,0.152705,no,Public_Transportation,0
Male,24.160742,1.781237,121.901320,no,no,2.070579,1.653916,Frequently,no,1.476982,no,0.688008,0.024011,no,Automobile,0
Female,19.197465,1.608899,125.960815,yes,yes,2.498491,2.787105,Sometimes,yes,1.533820,no,1.332235,0.947512,Sometimes,Public_Transportation,0
Male,21.403750,1.799558,136.286191,yes,no,1.686975,3.622973,Sometimes,no,2.908952,no,1.169369,0.760495,Sometimes,Public_Transportation,0
Male,20.927613,1.869362,93.679784,yes,yes,2.817944,1.893022,Sometimes,no,1.841911,no,0.047495,0.481754,Sometimes,Walking,0
Male,18.730846,1.744322,82.818690,yes,yes,2.396412,2.065477,Sometimes,no,1.774177,no,1.710237,0.192299,Sometimes,Public_Transportation,0
Male,16.775398,1.773717,90.648948,no,yes,2.790681,1.384467,Frequently,no,2.008067,no,0.538676,1.315230,Sometimes,Public_Transportation,0
Female,20.834868,1.709269,74.569160,yes,yes,1.456999,1.697138,Sometimes,no,1.585647,no,0.980239,0.456803,Sometimes,Public_Transportation,0
Male,17.059656,1.804285,83.810071,yes,yes,1.047680,3.852515,Sometimes,no,1.368316,no,2.850754,0.243468,no,Public_Transportation,0
Male,25.699573,1.794598,96.047410,no,no,1.597209,3.695857,Frequently,no,1.363337,no,0.995411,1.975005,Sometimes,Public_Transportation,0
Female,22.752014,1.612895,84.346803,no,yes,1.091277,2.195179,Sometimes,no,2.470911,no,2.411934,1.312815,Sometimes,Public_Transportation,0
Female,14.553299,1.686989,90.619548,no,yes,2.880848,3.254233,Sometimes,no,2.956827,no,0.184825,1.753756,no,Public_Transportation,0
Female,21.704968,1.511650,49.301246,yes,yes,1.951321,1.051303,Sometimes,no,2.805134,no,2.897697,0.885062,Sometimes,Public_Transportation,0
Male,35.253549,1.788807,116.143960,yes,yes,2.174076,2.628478,Sometimes,no,1.304911,no,1.202440,0.415471,Sometimes,Public_Transportation,1
Female,18.431050,1.597663,78.617235,yes,yes,2.430637,1.988971,Sometimes,no,2.899674,no,0.362021,0.696197,Sometimes,Automobile,0
Male,21.297643,1.739830,77.765950,yes,yes,2.704143,1.010448,Sometimes,no,1.976685,no,0.416260,1.608652,no,Automobile,0
Female,20.848820,1.597467,64.387959,yes,yes,1.726493,1.213557,Sometimes,no,2.249376,no,1.317254,0.547693,no,Public_Transportation,0
Female,27.525192,1.553870,66.964201,yes,yes,2.887266,1.052596,Sometimes,no,1.921349,no,2.973736,0.168361,no,Public_Transportation,0
Male,33.721301,1.773449,90.563575,yes,yes,1.398029,2.251858,Sometimes,no,2.793416,no,1.594789,0.937372,Sometimes,Public_Transportation,0
Male,24.418459,1.822585,130.329307,yes,yes,2.556759,1.370918,Sometimes,no,1.568050,no,2.348240,0.678789,Sometimes,Public_Transportation,1
Female,19.318904,1.664171,90.989948,yes,no,2.357018,2.880601,Sometimes,no,2.425568,no,2.454199,1.422097,Sometimes,Public_Transportation,0
Male,14.935754,1.742472,58.161672,yes,yes,1.317023,1.061890,Sometimes,no,2.936631,no,2.454982,1.401726,no,Public_Transportation,0
Male,16.300696,1.813850,87.174821,yes,no,1.189909,2.051176,Sometimes,no,1.482599,no,1.794913,0.354500,Sometimes,Public_Transportation,0
Female,15.186471,1.576981,65.884667,yes,yes,2.951752,2.209648,Sometimes,no,2.792648,no,2.109861,0.165878,Frequently,Public_Transportation,0
Female,17.681565,1.564603,41.058816,no,yes,2.091726,1.807681,Sometimes,no,2.364840,no,2.346974,0.564184,no,Automobile,0
Female,18.768232,1.601952,116.889924,yes,yes,1.776662,1.345176,Frequently,no,2.820298,no,1.440784,1.642636,no,Public_Transportation,0
Male,15.511698,1.758098,72.078839,yes,yes,2.518184,1.968358,Sometimes,no,2.829872,no,0.464652,1.462565,Sometimes,Automobile,0
Female,29.864677,1.555614,67.534310,yes,yes,1.870603,2.144510,Sometimes,no,1.694065,no,2.724607,0.771923,Sometimes,Public_Transportation,0
Female,20.343795,1.692310,59.006561,yes,yes,2.119854,2.284551,Sometimes,no,1.848753,no,0.607276,1.639636,Sometimes,Public_Transportation,0
Male,23.882855,1.779190,124.896584,yes,yes,2.697912,2.954750,Sometimes,no,2.355403,no,0.333671,0.701108,no,Public_Transportation,1
Female,19.022354,1.593065,84.258160,yes,yes,2.279887,3.764001,Sometimes,no,1.850803,no,0.148051,1.344903,Sometimes,Public_Transportation,0
Male,26.747820,1.756970,107.168152,yes,yes,2.678165,1.411990,Sometimes,no,1.123615,no,0.966582,0.194525,Sometimes,Automobile,1
Female,17.876891,1.622346,78.156118,yes,yes,1.831077,2.331715,Frequently,no,1.765531,no,0.188374,0.436083,no,Automobile,0
Female,40.336562,1.630588,111.986403,yes,yes,2.812765,1.555582,Sometimes,no,2.264754,no,0.251845,0.306529,no,Public_Transportation,0
Male,15.859677,1.792744,87.280373,yes,yes,1.545140,3.124420,Frequently,no,2.424290,no,1.298034,1.226920,Sometimes,Public_Transportation,0
Female,18.136981,1.726733,120.395963,yes,no,1.998034,3.201126,Frequently,no,1.162307,no,1.130646,0.168364,Sometimes,Public_Transportation,0
Female,24.875631,1.679967,100.327638,yes,yes,1.950499,1.706079,Sometimes,no,2.128460,no,1.418831,0.124680,Sometimes,Public_Transportation,0
Male,37.986258,1.789965,109.926488,yes,yes,2.028843,1.410680,Sometimes,no,2.473807,no,2.371895,1.102302,Sometimes,Public_Transportation,1
Male,18.177153,1.790505,72.700089,yes,yes,1.806755,1.516436,Always,no,2.831753,no,2.022978,0.162990,Sometimes,Public_Transportation,0
Female,25.387777,1.646287,113.457002,yes,yes,2.904601,3.179074,Sometimes,no,1.276875,no,0.111236,0.162062,Sometimes,Public_Transportation,0
Female,17.350295,1.629123,76.430255,no,yes,1.459315,2.650915,Frequently,no,2.195943,no,2.692897,0.168513,no,Automobile,0
Female,21.013126,1.581349,58.378955,no,no,1.700665,2.195032,Frequently,no,2.912239,no,1.118309,0.125342,Sometimes,Public_Transportation,0
Female,19.523601,1.618114,73.927322,yes,yes,2.922995,1.611045,Sometimes,no,1.432696,no,1.571196,1.490217,Sometimes,Automobile,0
Female,19.446695,1.613941,76.752924,yes,yes,2.517419,3.969505,Frequently,no,1.164952,no,1.816335,0.048547,Sometimes,Automobile,0
Male,33.241645,1.748441,119.253999,yes,yes,1.888265,3.027156,no,no,2.742724,no,2.381679,0.575374,Sometimes,Automobile,1
Male,28.139364,1.813794,98.497486,yes,yes,1.610089,3.146255,Sometimes,no,1.384165,no,1.014653,0.781103,Sometimes,Public_Transportation,0
Female,22.520204,1.608038,69.748854,yes,yes,2.393589,3.182645,Sometimes,no,1.349167,no,0.492689,1.962224,Sometimes,Public_Transportation,0
Male,20.042227,1.827894,70.619357,no,yes,1.933808,1.676652,Sometimes,no,2.668313,no,1.695336,0.047344,Sometimes,Automobile,0
Female,22.091469,1.704667,62.679024,yes,yes,2.178481,2.822178,no,no,1.783776,no,1.700136,1.045191,no,Public_Transportation,0
Male,28.623267,1.803593,119.586895,yes,yes,2.405962,3.610125,Sometimes,no,2.414593,no,2.139692,0.705446,Sometimes,Automobile,1
Male,38.782385,1.681939,111.673381,yes,yes,1.737768,1.073532,Sometimes,no,1.189530,no,1.627369,0.245173,Sometimes,Walking,1
Female,19.270694,1.616204,64.858272,yes,yes,2.097723,1.017697,Sometimes,no,1.518394,no,0.214727,1.814978,Sometimes,Public_Transportation,0
Male,17.183341,1.843974,104.674014,yes,yes,1.783180,2.677914,Sometimes,no,2.753134,no,2.648709,1.174544,Sometimes,Public_Transportation,0
Male,27.879963,1.799203,123.380328,yes,no,1.546818,1.394463,Always,no,1.768901,yes,1.660980,0.960493,Sometimes,Public_Transportation,1
Male,21.455180,1.720994,93.412602,no,yes,2.950303,1.304017,Frequently,no,2.797011,no,1.351369,0.973624,no,Public_Transportation,0
Male,20.375108,1.736951,95.012319,yes,yes,1.315367,1.531161,Sometimes,no,1.340856,no,1.718650,1.785283,no,Automobile,0
Female,22.893987,1.744773,68.071740,yes,yes,2.842410,1.301619,Sometimes,no,2.324582,no,1.825631,0.920127,no,Public_Transportation,0
Female,23.685023,1.722712,59.261731,yes,yes,1.831650,3.467873,Sometimes,no,2.664784,no,1.280886,0.526021,Sometimes,Public_Transportation,0
Male,26.554957,1.802602,122.012837,yes,yes,2.173937,3.665973,Sometimes,no,1.178590,no,2.115197,0.918568,Sometimes,Public_Transportation,1
Female,17.697828,1.619775,42.040402,no,yes,2.013217,2.545888,Sometimes,no,2.417115,no,2.604465,1.001615,Sometimes,Public_Transportation,0
Female,15.409718,1.608904,49.211780,no,yes,1.602302,2.589779,Sometimes,no,1.844645,no,1.360018,0.892916,Sometimes,Public_Transportation,0
Male,18.352003,1.711105,91.262607,yes,yes,1.042340,1.374491,Sometimes,no,1.913269,no,2.002333,0.608406,Sometimes,Public_Transportation,0
Male,15.546800,1.793315,82.522612,yes,yes,2.737911,2.523840,Sometimes,no,1.496514,no,2.583131,1.696198,Sometimes,Public_Transportation,0
Male,26.219943,1.758862,95.360055,yes,yes,1.544645,2.281522,Frequently,no,2.687133,no,1.636034,1.827589,Sometimes,Public_Transportation,0
Female,22.896174,1.597280,78.208067,no,yes,1.192148,3.768014,Sometimes,no,2.116794,no,1.264985,1.220861,Sometimes,Public_Transportation,0
Female,17.674101,1.598129,53.120351,yes,yes,2.991209,2.037200,Sometimes,no,1.468598,no,1.535889,1.226876,Sometimes,Public_Transportation,0
Male,22.031458,1.673944,57.635345,yes,yes,1.455675,2.714908,Sometimes,no,1.807630,no,2.218296,0.181233,Sometimes,Public_Transportation,0
Female,22.478833,1.659347,76.319063,yes,yes,1.191906,3.326147,Sometimes,no,1.057155,no,2.959801,0.570463,Sometimes,Automobile,0
Female,23.411903,1.679917,81.698129,yes,yes,2.210197,2.333915,Sometimes,no,1.246936,no,0.018149,1.969924,no,Public_Transportation,0
Male,23.096698,1.900423,111.934188,yes,no,1.873617,3.211857,no,no,2.978481,no,1.982300,0.123516,no,Automobile,0
Female,20.040243,1.548727,91.402309,yes,yes,2.584337,3.478839,Sometimes,no,2.540061,no,1.726070,0.289519,Sometimes,Public_Transportation,0
Male,22.868176,1.787077,120.823684,yes,yes,2.843134,3.931808,Sometimes,no,2.464788,no,2.405683,0.220717,Sometimes,Automobile,1
Male,19.392950,1.625826,62.269052,yes,yes,2.019926,3.030642,Sometimes,no,2.179528,no,1.611646,1.677121,no,Automobile,0
Male,35.061344,1.766239,108.748604,yes,yes,2.604005,3.799352,Sometimes,no,1.303883,no,1.891573,1.053941,Sometimes,Public_Transportation,1
Female,28.079827,1.667626,68.534180,yes,yes,1.688328,1.970366,Frequently,no,1.375775,no,1.003678,0.180512,Frequently,Public_Transportation,0
Male,16.718921,1.845955,92.578397,yes,yes,1.470333,2.915759,no,no,2.995766,no,1.132533,1.718529,no,Public_Transportation,0
Female,26.335079,1.687668,112.340579,yes,yes,1.480205,3.711480,Sometimes,no,2.963457,no,0.008870,0.646707,Sometimes,Public_Transportation,0
Female,16.755686,1.686863,89.316493,yes,yes,1.077149,3.584985,Sometimes,no,2.408945,no,2.211442,1.199171,no,Public_Transportation,0
Female,19.710299,1.717691,75.834230,yes,yes,2.825133,3.830968,Sometimes,no,1.837638,no,0.534247,1.191317,Sometimes,Public_Transportation,0
Female,18.218492,1.611960,51.503179,yes,yes,2.430639,2.317247,Sometimes,no,2.637264,no,2.070372,0.850757,Sometimes,Public_Transportation,0
Female,18.675473,1.687564,130.093658,yes,yes,2.090254,3.716952,Sometimes,no,2.553515,no,2.153823,1.912840,no,Public_Transportation,0
Male,20.630483,1.747652,112.643426,yes,yes,2.453062,3.226628,Sometimes,no,1.360907,no,0.554862,1.049714,Sometimes,Public_Transportation,1
Male,16.481746,1.828990,54.513104,yes,yes,2.323803,1.328485,Sometimes,no,1.678877,no,1.439704,0.277239,Sometimes,Automobile,0
Male,19.221692,1.714880,57.137854,yes,yes,1.919809,1.250292,Sometimes,no,1.987619,no,2.856509,1.843082,Sometimes,Public_Transportation,0
Male,18.255830,1.705280,67.461770,yes,yes,1.302745,3.857682,Sometimes,no,2.198000,no,2.778612,1.891485,no,Public_Transportation,0
Female,24.072250,1.644188,70.128909,yes,yes,2.728219,3.941440,Sometimes,no,1.536892,no,2.696810,0.539559,Sometimes,Public_Transportation,0
Female,15.924573,1.639773,41.257394,yes,yes,2.359517,1.891411,Sometimes,no,1.206665,no,2.649325,0.071194,no,Public_Transportation,0
Female,16.062900,1.690286,87.252750,yes,yes,1.131019,1.888023,Frequently,no,2.024619,no,0.836278,0.618031,Sometimes,Automobile,0
Male,23.448396,1.810233,115.792077,yes,yes,1.582979,3.866098,Sometimes,no,2.666974,no,2.081710,1.373467,Sometimes,Walking,1
Male,30.797003,1.712106,100.308691,no,no,1.566605,2.605919,Frequently,no,1.270191,no,2.424975,0.376942,no,Automobile,0
Female,24.005971,1.610195,41.030090,no,yes,1.770908,1.784257,Sometimes,no,1.848588,no,0.177566,1.864133,Frequently,Public_Transportation,0
Male,26.154701,1.710374,60.171949,yes,yes,2.780473,2.451300,Sometimes,no,2.435204,no,1.861356,0.672540,Sometimes,Public_Transportation,0
Male,18.254670,1.766658,100.601497,no,yes,2.063955,2.781815,Sometimes,no,1.154753,no,1.823855,1.060826,no,Public_Transportation,0
Male,16.360380,1.776997,52.173929,yes,yes,2.839052,2.196709,Sometimes,no,1.401258,no,0.511215,1.314936,Sometimes,Public_Transportation,0
Male,18.464428,1.663237,63.346661,no,yes,1.234665,3.820893,Sometimes,no,2.396008,yes,1.540473,1.558463,no,Automobile,0
Female,26.470472,1.624157,96.822489,yes,yes,2.875922,2.876240,Sometimes,no,1.745212,no,2.129604,0.321862,Sometimes,Public_Transportation,0
Female,20.757019,1.631886,71.195366,yes,yes,2.202615,1.799032,Sometimes,no,2.414795,no,2.671646,0.468619,Sometimes,Public_Transportation,0
Female,17.626430,1.647403,129.070017,yes,yes,1.051642,1.693406,Frequently,no,1.044216,yes,1.987755,0.788568,Sometimes,Walking,0
Female,17.508650,1.662808,69.333036,yes,yes,2.574952,1.502078,Sometimes,no,2.640969,no,1.707401,0.222163,no,Public_Transportation,0
Male,17.379561,1.761855,49.732957,yes,yes,2.666050,2.121386,Sometimes,no,1.600501,no,1.242991,0.697170,Sometimes,Public_Transportation,0
Male,22.843634,1.718940,102.868746,yes,yes,2.788269,3.802266,Sometimes,no,1.145091,no,0.986897,0.642291,Sometimes,Automobile,1
Male,26.850750,1.731700,118.504868,yes,yes,2.924070,1.375784,Sometimes,no,2.615342,no,0.588231,0.928221,no,Public_Transportation,1
Female,18.199044,1.762922,78.632982,yes,no,1.569280,2.594955,Sometimes,no,1.518379,no,2.526466,0.494080,no,Public_Transportation,0
Female,24.043561,1.621806,57.234402,yes,yes,2.133517,1.586462,Sometimes,no,1.139131,no,2.288306,0.352924,no,Automobile,0
Male,17.361498,1.746444,52.042172,yes,yes,1.263088,3.288860,Sometimes,no,2.636332,no,1.504219,0.417695,Sometimes,Public_Transportation,0
Male,26.691955,1.787049,48.791017,no,yes,2.866200,3.302901,Sometimes,no,1.541741,no,1.633207,0.533331,Sometimes,Public_Transportation,0
Female,24.716098,1.593258,59.935529,yes,yes,2.752592,1.359349,Always,no,1.325374,no,0.744607,1.800249,Sometimes,Public_Transportation,0
Male,25.149396,1.780277,120.634631,yes,yes,2.891454,1.837860,Sometimes,no,1.338764,no,1.137793,0.917672,Sometimes,Public_Transportation,1
Female,19.120866,1.735000,48.270188,yes,yes,2.351636,3.409835,Sometimes,no,1.092001,no,1.122061,1.263304,Sometimes,Public_Transportation,0
Female,28.132210,1.621938,47.046764,no,yes,1.613144,2.527659,Sometimes,no,2.988352,no,0.983131,0.645724,Sometimes,Public_Transportation,0
Female,21.896941,1.611866,42.026752,yes,yes,2.518329,3.978851,Sometimes,no,1.195730,no,0.534515,0.765089,Sometimes,Public_Transportation,0
Female,33.994320,1.613378,60.982200,yes,no,2.246696,3.403746,Frequently,no,2.203744,no,0.031047,1.855328,Sometimes,Public_Transportation,0
Male,16.929481,1.734434,74.392436,yes,no,2.211222,2.111899,Sometimes,no,1.376841,no,0.052853,1.375240,Sometimes,Automobile,0
Male,15.014043,1.603293,45.066061,yes,yes,1.511186,3.679171,Sometimes,no,2.662463,no,1.937882,0.180082,no,Public_Transportation,0
Male,21.353835,1.759037,80.434103,yes,no,1.002123,3.954592,Frequently,no,1.325594,no,0.288478,1.548773,Sometimes,Public_Transportation,0
Male,23.499078,1.799695,53.708631,yes,yes,1.404492,2.381309,Frequently,no,1.070634,no,0.046597,1.829965,Sometimes,Public_Transportation,0
Male,22.330675,1.688460,72.897356,yes,yes,1.630573,1.563452,Sometimes,no,2.889190,no,0.946122,1.513946,no,Public_Transportation,0
Female,22.776822,1.563621,47.318938,yes,yes,2.250415,2.627994,Sometimes,no,1.472745,no,0.375918,1.950077,Sometimes,Public_Transportation,0
Male,18.891530,1.852683,85.737669,yes,yes,1.152439,2.176149,Sometimes,no,2.325284,no,0.265281,1.357442,Sometimes,Public_Transportation,0
Male,25.077543,1.804790,128.996582,yes,yes,2.742414,1.010977,Sometimes,no,1.686973,no,0.819338,1.368018,Sometimes,Public_Transportation,1
Male,16.566407,1.770722,151.273012,yes,yes,1.429486,1.908195,Sometimes,no,2.822835,no,0.142122,1.138160,no,Public_Transportation,0
Female,21.941940,1.586882,89.520144,yes,yes,2.792594,2.815321,Sometimes,no,2.299426,no,0.542809,0.539945,Sometimes,Public_Transportation,0
Male,17.283844,1.740378,47.882146,yes,yes,2.882947,1.175091,Frequently,no,1.410289,no,2.339976,1.357702,Sometimes,Public_Transportation,0
Male,19.234845,1.772720,121.591994,no,yes,1.638395,1.376994,Frequently,no,1.368524,no,1.031655,0.428140,no,Automobile,0
Male,33.317516,1.723465,115.452784,yes,no,2.755399,2.041191,Sometimes,no,1.163369,no,0.025214,1.290815,Sometimes,Automobile,1
Female,24.126540,1.682210,79.879423,yes,yes,2.765001,3.213525,Sometimes,no,1.548783,no,0.928267,1.033471,Sometimes,Public_Transportation,0
Male,43.199370,1.745634,115.193347,yes,yes,2.653225,2.876471,Sometimes,no,2.361069,no,2.230542,0.079409,Sometimes,Public_Transportation,1
Male,18.257217,1.812326,78.944159,yes,yes,2.761553,2.284989,Sometimes,no,1.933941,no,1.274440,1.009832,no,Automobile,0
Male,23.381190,1.731452,52.435709,no,no,2.809767,3.454252,Sometimes,yes,2.970290,no,2.577374,0.981709,no,Public_Transportation,0
Female,15.372930,1.790493,87.305859,yes,yes,1.453627,1.606668,Sometimes,no,2.282458,no,1.043733,0.132629,Sometimes,Automobile,0
Male,19.195324,1.725880,85.730874,yes,yes,2.530098,2.182581,Sometimes,no,2.347527,no,0.527361,0.581728,Sometimes,Public_Transportation,0
Female,20.652746,1.686454,59.129283,yes,yes,1.822593,2.942316,Sometimes,no,2.578671,no,0.203694,1.026146,Sometimes,Public_Transportation,0
Female,17.991484,1.718426,67.612504,no,yes,1.444312,1.269452,Sometimes,no,1.550063,no,2.216785,0.286502,Sometimes,Public_Transportation,0
Male,17.985440,1.666295,43.834819,yes,yes,2.613757,1.753114,Sometimes,no,2.323090,no,1.032140,1.520823,no,Public_Transportation,0
Male,21.781426,1.901943,120.774034,yes,yes,2.161274,2.226385,Sometimes,no,2.306866,no,2.450866,1.193850,Sometimes,Public_Transportation,0
Female,20.514138,1.678746,53.994192,yes,yes,1.486430,3.374201,Sometimes,no,1.423876,no,0.599749,0.607623,no,Public_Transportation,0
Male,46.375216,1.721952,116.426452,yes,yes,1.912003,1.061349,Sometimes,no,2.166865,no,2.218472,0.909602,Sometimes,Public_Transportation,1
Male,15.384469,1.870526,78.236660,yes,no,1.277586,3.152283,Sometimes,no,2.225325,no,2.271334,0.953557,no,Public_Transportation,0
Female,23.391801,1.734462,72.153510,no,yes,1.383719,1.237281,Sometimes,no,1.256658,no,0.371883,1.231570,Sometimes,Automobile,0
Male,22.800760,1.761628,148.323745,yes,yes,1.367856,2.557511,Frequently,no,2.167524,no,2.153525,0.309624,Sometimes,Public_Transportation,0
Female,22.797849,1.604021,54.906014,yes,yes,2.579378,1.313777,Sometimes,no,1.365545,no,0.480132,1.971106,Sometimes,Public_Transportation,0
Female,33.080736,1.702923,78.307824,yes,yes,1.677639,1.512388,Sometimes,no,2.045423,no,2.713984,1.222529,Sometimes,Public_Transportation,0
Male,32.642057,1.798733,112.119511,yes,no,2.958950,3.754554,Sometimes,no,1.156172,no,2.131042,1.010668,Sometimes,Public_Transportation,1
Male,22.574036,1.778128,104.968903,yes,yes,1.231279,3.313273,Sometimes,no,2.366710,no,2.573584,0.717275,Sometimes,Public_Transportation,0
Female,18.534922,1.683192,48.857604,yes,yes,1.295288,3.838132,Frequently,no,1.247842,no,0.431005,0.294040,no,Public_Transportation,0
Female,25.044618,1.697638,92.005841,no,yes,2.516353,1.585857,Sometimes,no,1.543641,no,0.941258,1.229716,Sometimes,Public_Transportation,0
Male,17.176426,1.702731,44.083095,yes,yes,2.844954,2.113679,Sometimes,no,2.417376,no,2.235392,0.579145,Sometimes,Public_Transportation,0
Male,27.858363,1.755361,98.134034,yes,yes,1.304280,3.370439,Sometimes,no,2.759763,no,0.502799,1.733004,no,Public_Transportation,0
Male,30.728402,1.735750,139.583247,yes,yes,1.995335,1.987752,Sometimes,no,2.613426,yes,1.556766,1.605890,no,Public_Transportation,0
Male,16.503594,1.741761,71.917338,no,yes,2.531565,3.422301,Sometimes,no,1.848032,no,2.636371,0.781776,Sometimes,Public_Transportation,0
Female,18.940503,1.705643,46.478338,yes,yes,1.925633,2.779836,Sometimes,no,2.884011,no,2.666402,0.486142,Sometimes,Public_Transportation,0
Male,28.498169,1.808120,105.877845,no,yes,1.060440,2.853815,Sometimes,no,2.232520,yes,0.551741,0.413691,Sometimes,Automobile,0
Male,16.440615,1.728056,128.042222,yes,yes,2.315687,3.320112,Sometimes,no,1.153318,no,1.090860,1.525021,no,Public_Transportation,0
Female,15.350150,1.742115,83.059556,yes,yes,2.872319,2.166388,Sometimes,no,1.650598,no,0.321010,1.264707,Sometimes,Public_Transportation,0
Male,19.406029,1.927663,103.363030,yes,yes,2.372575,2.660798,Sometimes,no,1.982678,no,1.700276,0.811243,Sometimes,Public_Transportation,0
Male,23.595656,1.750258,92.432387,yes,yes,1.361442,2.225055,Sometimes,no,2.177090,no,0.153848,1.904956,Sometimes,Public_Transportation,0
Female,29.361398,1.689229,49.193831,no,yes,2.893764,3.098297,Sometimes,no,1.552826,no,1.546687,1.804518,no,Walking,0
Male,21.292260,1.773358,79.375808,no,no,1.293709,2.991898,Sometimes,no,2.323185,no,2.364350,1.332029,Sometimes,Public_Transportation,0
Male,29.844306,1.640295,104.076001,yes,yes,2.392384,1.344353,Sometimes,no,2.414665,no,2.378005,0.745813,Sometimes,Public_Transportation,0
Male,16.291196,1.802326,53.795903,yes,yes,1.045658,3.937881,Sometimes,no,1.147235,yes,1.132324,0.878987,no,Public_Transportation,0
Female,29.658461,1.769768,107.573590,yes,yes,2.866596,3.538561,Sometimes,no,2.873229,no,0.434063,0.218960,Sometimes,Public_Transportation,0
Male,19.819935,1.699100,89.262772,yes,yes,1.882348,3.989629,Frequently,no,2.664571,no,2.597559,1.373533,Frequently,Public_Transportation,0
Male,15.041532,1.760471,85.070446,yes,yes,1.516661,1.702244,Sometimes,no,1.502233,no,0.635180,1.760716,Sometimes,Public_Transportation,0
Male,15.947729,1.777816,67.933833,no,yes,2.943501,3.242067,Sometimes,no,1.171468,no,2.758409,0.413634,Frequently,Public_Transportation,0
Male,27.583571,1.774372,117.046968,yes,no,2.121669,1.619750,Sometimes,yes,2.493118,no,1.014787,0.000204,Sometimes,Public_Transportation,1
Female,17.826815,1.639857,64.105304,no,yes,2.174028,1.641060,Sometimes,no,1.965909,no,0.638014,0.012109,Sometimes,Public_Transportation,0
Male,18.416297,1.675893,87.794142,yes,yes,2.143774,1.165429,Sometimes,no,1.279832,no,2.217302,0.902654,Sometimes,Public_Transportation,0
Male,28.899837,1.854259,121.923265,yes,yes,1.859539,2.588612,Sometimes,no,2.330007,no,0.016440,0.379459,Sometimes,Public_Transportation,1
Female,22.415526,1.620405,63.270235,yes,yes,2.781605,1.818854,Sometimes,no,2.289398,no,1.698245,0.645851,Sometimes,Automobile,0
Female,20.257856,1.612297,44.621226,no,yes,2.933948,1.860740,Sometimes,no,2.084298,no,0.281377,1.101933,Sometimes,Public_Transportation,0
Male,37.288121,1.710375,44.030924,yes,no,1.282922,3.306328,Sometimes,no,1.407452,no,1.790178,0.098360,Sometimes,Public_Transportation,0
Female,30.050484,1.658436,67.836481,yes,yes,2.284675,3.693838,Sometimes,no,2.263154,yes,2.710872,0.379042,Sometimes,Public_Transportation,0
Male,19.661730,1.697676,51.713511,yes,yes,2.405788,1.895572,Sometimes,no,2.252968,no,2.690144,1.018207,no,Public_Transportation,0
Male,19.632663,1.770823,98.624422,yes,yes,2.929847,2.947950,Frequently,no,2.907870,no,1.348968,1.542865,Frequently,Public_Transportation,0
Male,24.819983,1.777403,118.800521,yes,yes,2.817217,1.526981,Sometimes,no,2.494671,no,2.488563,0.347668,Sometimes,Automobile,1
Male,34.189198,1.802024,122.936981,yes,yes,2.780078,2.111163,Sometimes,no,2.042594,no,1.224331,0.201721,no,Automobile,1
Female,20.585383,1.576924,91.853419,yes,yes,1.257491,1.484852,Sometimes,no,1.648137,no,1.609212,0.899392,Sometimes,Public_Transportation,0
Female,18.267815,1.675219,49.280364,no,yes,1.037566,1.644228,Sometimes,no,1.859811,no,1.306992,1.096328,Sometimes,Automobile,0
Male,21.202874,1.758422,85.494264,yes,yes,1.661249,1.005652,no,no,1.924285,no,1.943919,0.285368,Sometimes,Public_Transportation,0
Female,26.775018,1.653579,76.646413,yes,no,2.095302,3.675656,Sometimes,no,2.454757,no,2.566338,0.291563,Sometimes,Public_Transportation,0
Male,16.648618,1.776290,56.700359,yes,yes,2.219392,2.483069,Sometimes,no,2.384231,no,0.546474,0.321965,no,Public_Transportation,0
Male,15.534682,1.668155,65.181179,yes,yes,1.608424,2.996337,Always,no,1.943794,no,2.100162,0.176364,Sometimes,Public_Transportation,0
Male,18.043406,1.838855,96.263064,yes,yes,2.479188,3.408824,Frequently,no,2.892173,no,2.245521,1.336124,Sometimes,Public_Transportation,0
Male,25.113748,1.767142,106.488606,yes,yes,2.849937,3.128927,Sometimes,no,2.057637,no,0.135247,0.631260,Sometimes,Public_Transportation,1
Male,15.712977,1.738463,76.399666,yes,yes,2.538731,3.597134,Sometimes,no,2.689706,no,2.626006,1.837317,no,Public_Transportation,0
Male,37.145768,1.729009,118.556171,yes,yes,2.349653,2.044126,Sometimes,no,1.825835,no,1.990572,0.534620,Sometimes,Bike,1
Female,20.021689,1.538583,79.618592,yes,yes,1.604836,2.028987,Sometimes,no,1.790816,no,2.277078,0.706211,Sometimes,Public_Transportation,0
Male,19.421294,1.719562,64.572127,no,yes,1.277791,3.636716,Sometimes,no,2.705853,no,1.128715,1.336419,Sometimes,Public_Transportation,0
Female,22.778875,1.683186,91.339661,yes,yes,1.126539,2.558398,Sometimes,no,2.194241,no,1.073533,0.269273,no,Public_Transportation,0
Female,22.675240,1.649205,129.695623,yes,yes,2.516990,1.640187,Sometimes,no,2.424901,no,0.138246,0.227381,Sometimes,Public_Transportation,0
Male,16.540844,1.779443,61.517989,yes,no,2.030576,2.176478,Sometimes,no,2.784721,no,2.077042,1.285369,Sometimes,Automobile,0
Female,16.959483,1.608545,70.598731,yes,yes,2.827148,2.331918,Sometimes,no,1.824422,yes,0.315293,1.785447,no,Public_Transportation,0
Female,20.450089,1.694847,73.198177,no,yes,1.118380,1.753958,Sometimes,no,2.448425,no,1.856955,1.242474,no,Public_Transportation,0
Male,20.491386,1.799567,70.333671,no,yes,2.691724,2.029484,Sometimes,no,1.635525,no,1.536228,0.976237,Sometimes,Automobile,0
Male,26.281017,1.716501,68.147543,yes,yes,2.620181,3.476118,Sometimes,no,2.783354,no,2.257686,1.817472,no,Automobile,0
Female,19.379251,1.696159,78.446967,no,no,1.070057,1.506123,Always,no,1.934129,no,1.336820,0.600001,no,Public_Transportation,0
Female,23.555783,1.704946,45.536820,yes,yes,2.642914,3.899556,Sometimes,yes,1.021384,no,2.927423,0.632168,Sometimes,Public_Transportation,0
Female,15.826136,1.691241,66.180135,yes,yes,1.265554,1.348581,Sometimes,no,1.492326,no,1.607735,0.960357,no,Public_Transportation,0
Female,20.399417,1.676081,55.955305,yes,yes,1.921864,3.803033,Sometimes,no,2.407255,no,1.205013,0.316076,Sometimes,Public_Transportation,0
Female,21.330635,1.706999,100.959053,yes,yes,1.846032,2.179055,Sometimes,no,1.073402,no,2.210049,1.014720,Sometimes,Public_Transportation,0
Male,21.218613,1.830327,88.480583,no,yes,2.204389,1.694961,Sometimes,no,2.755686,no,0.510013,1.843489,no,Public_Transportation,0
Female,23.662729,1.709160,46.937275,yes,yes,2.686259,2.359574,Sometimes,no,1.357271,no,1.234800,0.624594,Sometimes,Automobile,0
Male,16.503055,1.719122,145.610701,yes,yes,2.561158,3.216765,Frequently,no,1.932062,no,0.125188,1.148652,no,Public_Transportation,0
Female,35.957767,1.658649,81.330232,yes,yes,2.037159,2.216568,Sometimes,no,1.928619,no,2.916294,0.742122,no,Public_Transportation,0
Male,16.735725,1.869772,81.547277,no,yes,1.792968,3.004590,Sometimes,no,1.622591,no,1.216818,1.317574,no,Automobile,0
Female,19.191549,1.564741,36.930620,yes,no,2.622693,2.514976,Frequently,no,1.624206,no,0.760146,1.977374,Sometimes,Public_Transportation,0
Female,21.008913,1.668541,96.623025,yes,yes,1.661460,2.839636,Sometimes,no,1.453897,no,2.298692,1.059950,Sometimes,Public_Transportation,0
Female,24.250236,1.640164,96.219117,yes,yes,2.139415,1.669413,Sometimes,no,1.447404,no,0.812890,0.259987,Sometimes,Public_Transportation,0
Male,21.098301,1.721661,142.765733,yes,yes,2.333840,3.919920,Sometimes,no,1.526534,no,0.472153,1.526317,no,Public_Transportation,0
Male,33.769338,1.676957,92.693309,no,yes,2.566251,2.537350,Frequently,no,2.949025,no,0.042392,0.388687,Sometimes,Public_Transportation,0
Male,17.249811,1.715939,92.580364,no,yes,2.135306,2.820519,Sometimes,no,1.738508,no,1.337912,1.991258,no,Public_Transportation,0
Male,19.646530,1.762835,58.103753,yes,yes,1.617900,1.228294,Sometimes,no,2.199883,no,2.511537,1.483182,no,Public_Transportation,0
Female,15.733842,1.563558,54.980535,yes,yes,2.040462,3.331936,Sometimes,no,1.246996,no,2.318136,1.804819,Sometimes,Public_Transportation,0
Female,16.744018,1.661810,45.699163,yes,yes,2.359117,1.415048,Sometimes,no,2.176959,no,1.504276,0.192856,Sometimes,Automobile,0
Female,26.520585,1.649584,82.658576,yes,yes,2.559891,1.036692,Sometimes,no,1.595405,no,2.692073,1.911411,Sometimes,Public_Transportation,0
Female,21.297002,1.521920,69.016185,yes,yes,2.699021,3.643369,Sometimes,no,1.917320,no,2.177482,0.045900,Frequently,Public_Transportation,0
Male,33.661022,1.786402,110.677523,yes,yes,1.827391,1.223954,Sometimes,no,2.403569,no,1.583591,0.723375,no,Public_Transportation,1
Male,16.489173,1.772286,103.889829,no,yes,2.384888,3.379327,Sometimes,no,1.746508,no,0.629962,0.554909,Sometimes,Automobile,0
Female,19.489818,1.682607,124.015950,yes,yes,1.976031,3.684123,Sometimes,no,1.400840,no,2.535296,1.236740,Sometimes,Motorbike,0
Female,31.287421,1.718097,115.970886,yes,yes,2.804229,3.502558,Sometimes,no,1.814749,no,1.743746,1.434000,Sometimes,Public_Transportation,0
Male,18.215858,1.752833,101.497823,no,yes,2.605580,3.678511,Frequently,no,1.072324,no,2.330958,1.713019,no,Public_Transportation,0
Female,16.152997,1.687349,128.690771,yes,yes,2.083792,2.906257,Sometimes,no,2.862725,no,1.296718,0.566321,no,Public_Transportation,0
Female,19.265777,1.639529,80.353180,no,yes,1.032327,2.017788,Sometimes,no,1.754629,no,2.220790,0.834714,Sometimes,Automobile,0
Female,19.026302,1.634756,60.753804,yes,yes,1.849515,3.880617,Sometimes,no,2.704829,yes,1.322599,1.384214,Sometimes,Automobile,0
Female,26.463960,1.696064,62.591889,yes,no,1.889905,3.838325,Frequently,no,2.922145,no,2.192681,0.292322,no,Public_Transportation,0
Female,21.821262,1.607731,84.700743,no,yes,1.931698,2.910391,Sometimes,no,2.844200,no,0.540079,0.709485,no,Public_Transportation,0
Male,25.589266,1.752835,111.250850,yes,yes,1.900850,2.519847,Always,no,1.270708,no,1.479218,0.916306,Sometimes,Automobile,1
Female,25.502683,1.668598,85.180095,yes,yes,2.167856,2.089958,Sometimes,no,1.084992,no,2.233401,1.618326,Sometimes,Public_Transportation,0
Female,27.802622,1.688865,80.915901,yes,yes,2.715019,1.844850,Sometimes,no,1.212971,no,0.462386,0.208773,no,Public_Transportation,0
Female,15.710997,1.685078,81.614367,yes,yes,2.121287,2.685765,Sometimes,no,2.973026,no,1.103645,0.861458,no,Public_Transportation,0
Female,23.099828,1.660804,53.026303,yes,yes,2.115132,1.212784,Sometimes,no,1.753800,no,2.129813,1.587371,no,Public_Transportation,0
Female,18.094452,1.608331,111.854996,yes,yes,2.386302,2.855441,Sometimes,no,2.296352,no,1.170803,0.088409,Sometimes,Public_Transportation,0
Male,16.937207,1.824138,111.556587,yes,yes,1.524095,2.669676,no,no,2.421769,no,2.976705,1.256968,no,Public_Transportation,0
Male,15.345355,1.773051,90.151134,yes,yes,2.923921,1.147985,Sometimes,no,2.906661,no,2.477231,1.267379,Sometimes,Public_Transportation,0
Male,16.025428,1.679787,72.977616,yes,no,2.957243,1.582655,Sometimes,no,2.216489,no,0.897739,0.202641,Sometimes,Public_Transportation,0
Male,18.737936,1.809201,75.235249,no,yes,2.790603,3.795414,Sometimes,no,1.860418,no,0.882485,0.334118,Sometimes,Public_Transportation,0
Male,22.362012,1.724893,87.808856,no,yes,2.591721,1.676297,Sometimes,no,1.057424,no,1.616822,0.543325,Sometimes,Public_Transportation,0
Male,29.686636,1.736687,105.411095,yes,yes,2.580012,1.759541,Sometimes,no,2.375929,no,0.476553,0.071672,no,Automobile,1
Female,15.663519,1.612497,41.430101,yes,no,2.137036,1.402539,Sometimes,no,1.321354,no,1.159422,1.342243,Sometimes,Public_Transportation,0
Female,23.526642,1.729966,63.552060,yes,yes,1.401333,1.798734,Sometimes,no,1.952125,no,2.716613,0.698207,no,Automobile,0
Male,15.056670,1.719674,98.953033,no,yes,1.323445,1.974883,Sometimes,no,2.692186,no,2.544149,1.841749,no,Public_Transportation,0
Male,15.303963,1.759855,103.860438,yes,yes,2.816810,1.232803,Sometimes,no,2.198288,no,2.018042,0.153647,Sometimes,Public_Transportation,0
Male,28.281516,1.783283,58.043139,no,no,2.633453,3.228538,Sometimes,no,2.188446,no,2.018069,1.051216,Sometimes,Public_Transportation,0
Male,17.738630,1.802995,71.591680,no,yes,1.185852,3.769811,Frequently,no,2.027291,no,1.527866,1.501352,Sometimes,Walking,0
Female,21.836194,1.715042,88.588440,yes,yes,2.120496,2.391705,Sometimes,no,2.026145,no,1.618284,1.394770,Sometimes,Public_Transportation,0
Female,18.517008,1.631887,70.261700,no,no,1.366949,3.757882,Sometimes,no,2.338871,no,2.449777,1.764439,Sometimes,Public_Transportation,0
Male,18.667713,1.820354,53.858250,yes,no,1.194265,3.103264,Sometimes,no,2.143867,no,2.695550,1.837718,Sometimes,Public_Transportation,0
Male,29.755783,1.756275,96.381653,yes,no,1.180113,3.752879,Sometimes,no,1.263938,no,2.338726,0.057532,Sometimes,Public_Transportation,0
Male,17.804319,1.810620,83.485980,no,yes,2.638421,1.138608,Sometimes,no,2.540832,yes,2.100796,0.877010,no,Public_Transportation,0
Male,16.506239,1.724879,74.473829,yes,yes,1.362620,1.879225,Sometimes,no,1.872848,no,1.611758,0.453546,Sometimes,Automobile,0
Female,22.289613,1.615284,130.245837,yes,yes,1.863547,2.905485,Sometimes,no,2.393581,no,0.931626,1.747891,no,Automobile,0
Male,17.161172,1.639089,85.929864,yes,yes,1.788400,1.495652,Sometimes,no,1.019462,no,1.826896,0.234390,Sometimes,Walking,0
Male,22.375950,1.672230,64.833686,yes,yes,2.064803,3.190067,Sometimes,no,2.165143,no,1.552328,1.991117,Sometimes,Automobile,0
Female,17.142272,1.629054,67.242740,yes,yes,1.710126,2.560440,Sometimes,no,1.341620,no,2.209547,0.833193,Sometimes,Public_Transportation,0
Male,19.850693,1.761923,77.202155,no,yes,2.698842,3.286926,Frequently,no,2.675450,no,2.785492,1.699691,Sometimes,Public_Transportation,0
Female,15.861213,1.655682,48.331434,yes,yes,1.658460,1.362738,Sometimes,no,2.622953,no,1.611854,1.626254,Sometimes,Automobile,0
Female,26.043985,1.638446,77.068643,yes,no,1.005866,1.356837,Sometimes,no,1.646755,no,0.784122,1.602011,Sometimes,Public_Transportation,0
Male,18.404678,1.754098,87.847907,yes,yes,1.746644,2.719663,Sometimes,no,1.849562,no,2.730032,0.362592,Sometimes,Public_Transportation,0
Female,16.849051,1.711127,60.668529,yes,yes,1.148812,2.318281,Sometimes,no,2.507034,no,0.238428,0.155320,Sometimes,Motorbike,0
Female,16.007735,1.579549,42.486417,yes,yes,2.907411,2.643811,Sometimes,no,1.252152,no,2.059682,1.827568,no,Public_Transportation,0
Male,24.0,1.84,116.2,yes,yes,1.9,1.6,Sometimes,no,1.1,no,1.3,0.5,Sometimes,Public_Transportation,1
Male,27.0,1.82,81.0,yes,yes,2.1,3.0,Frequently,no,1.5,no,1.0,1.9,Sometimes,Public_Transportation,0
Female,22.0,1.63,70.7,yes,yes,2.3,2.1,Sometimes,no,2.3,no,0.8,1.3,no,Public_Transportation,0
Male,18.0,1.71,72.3,yes,yes,2.0,4.0,Sometimes,no,1.9,no,2.8,0.3,Sometimes,Public_Transportation,0
Female,15.0,1.55,77.9,yes,yes,2.1,3.5,Sometimes,no,3.0,no,3.0,1.8,no,Public_Transportation,0
Male,20.0,1.76,126.4,yes,no,2.3,1.9,Sometimes,no,2.8,no,1.9,0.4,no,Automobile,0
Female,21.0,1.66,45.9,yes,yes,1.7,2.4,Sometimes,no,1.1,no,0.3,0.1,no,Public_Transportation,0
Male,16.0,1.74,125.5,yes,no,2.8,3.6,Sometimes,no,1.9,no,2.8,1.8,Sometimes,Public_Transportation,0
Male,20.0,1.74,77.6,yes,no,2.8,2.3,Sometimes,no,1.3,no,0.5,0.9,no,Public_Transportation,0
Female,16.0,1.65,86.1,no,yes,2.0,1.5,Sometimes,no,2.0,no,2.4,0.4,Frequently,Public_Transportation,0
Male,17.0,1.75,89.4,no,yes,1.7,3.9,Sometimes,no,2.9,no,1.6,1.9,Sometimes,Automobile,0
Male,15.0,1.82,109.2,yes,yes,1.2,1.2,Sometimes,no,2.2,no,2.7,1.2,Sometimes,Public_Transportation,0
Female,25.0,1.62,127.0,yes,yes,2.5,2.4,Frequently,no,2.7,no,1.9,1.6,no,Automobile,0
Female,21.0,1.5,46.4,no,yes,1.6,3.4,Sometimes,no,2.8,no,1.9,0.9,Sometimes,Public_Transportation,0
Female,19.0,1.62,78.3,yes,yes,2.2,1.6,Sometimes,no,2.6,no,0.0,1.3,Sometimes,Public_Transportation,0
Male,23.0,1.77,82.9,yes,yes,1.9,3.7,Sometimes,no,1.9,no,0.8,1.0,Sometimes,Public_Transportation,0
Male,22.0,1.63,82.4,yes,yes,2.3,3.9,Sometimes,no,1.3,no,1.7,0.8,no,Public_Transportation,0
Female,20.0,1.62,76.7,yes,yes,1.1,2.4,Sometimes,no,1.6,no,0.8,0.7,Frequently,Public_Transportation,0
Female,20.0,1.64,72.5,yes,yes,2.2,2.9,Sometimes,no,2.6,no,1.3,0.6,Sometimes,Public_Transportation,0
Male,18.0,1.85,163.6,yes,yes,1.3,1.9,Frequently,yes,2.8,no,1.0,0.5,Sometimes,Public_Transportation,0
Female,17.0,1.64,43.1,yes,yes,1.2,3.8,Sometimes,no,1.5,no,2.6,1.6,Sometimes,Public_Transportation,0
Female,17.0,1.64,50.2,yes,yes,2.7,3.0,Sometimes,no,2.9,no,1.9,1.5,Sometimes,Public_Transportation,0
Female,16.0,1.71,77.8,yes,yes,1.9,1.5,Frequently,no,1.6,no,0.2,0.2,Sometimes,Automobile,0
Female,15.0,1.59,47.4,yes,yes,2.3,1.3,Sometimes,no,1.9,no,1.2,1.0,Sometimes,Public_Transportation,0
Female,15.0,1.55,70.1,yes,yes,2.1,1.7,Sometimes,no,2.0,no,1.2,1.1,Sometimes,Automobile,0
Female,17.0,1.69,47.9,no,yes,2.8,1.0,Sometimes,no,1.2,yes,1.6,0.2,no,Public_Transportation,0
Male,16.0,1.65,71.2,yes,yes,1.3,2.0,Sometimes,no,2.9,no,0.7,0.4,Sometimes,Public_Transportation,0
Male,16.0,1.87,93.9,no,yes,1.9,3.1,no,no,2.7,no,1.8,1.3,Sometimes,Public_Transportation,0
Female,23.0,1.64,75.9,no,no,1.0,2.4,Sometimes,no,2.0,no,0.1,0.7,Frequently,Public_Transportation,0
Female,29.0,1.55,42.0,yes,yes,1.9,3.1,Sometimes,no,1.0,no,2.5,0.5,Sometimes,Public_Transportation,0
Female,22.0,1.65,76.2,yes,yes,1.5,3.8,Sometimes,no,1.8,no,2.6,0.6,Sometimes,Automobile,0
Female,27.0,1.67,63.2,yes,yes,2.2,3.3,Sometimes,no,1.3,no,2.8,1.3,Sometimes,Public_Transportation,0
Male,22.0,1.79,63.4,no,yes,2.0,2.3,Sometimes,no,1.9,no,1.5,1.6,no,Public_Transportation,0
Male,24.0,1.86,105.1,yes,yes,2.5,2.3,Sometimes,no,2.0,no,2.6,1.1,Sometimes,Public_Transportation,0
Male,22.0,1.78,67.3,yes,no,1.1,2.1,Frequently,no,1.2,no,1.4,1.2,no,Automobile,0
Female,19.0,1.57,63.0,yes,yes,2.3,1.6,Sometimes,no,2.8,no,0.5,2.0,no,Public_Transportation,0
Male,20.0,1.93,70.3,yes,yes,2.1,3.5,Sometimes,no,2.0,no,0.0,0.3,no,Public_Transportation,0
Male,23.0,1.79,107.6,yes,yes,1.7,1.1,Sometimes,no,2.3,no,2.5,1.7,Sometimes,Automobile,0
Female,27.0,1.56,58.9,yes,yes,2.9,3.8,Sometimes,no,2.8,no,0.9,1.5,Sometimes,Public_Transportation,0
Male,18.0,1.73,56.8,yes,no,1.7,1.8,Sometimes,no,3.0,no,0.1,1.1,Sometimes,Automobile,0
Female,17.0,1.56,43.9,yes,yes,2.3,3.5,Sometimes,no,2.7,no,0.7,1.4,no,Public_Transportation,0
Male,16.0,1.71,64.2,yes,yes,2.8,3.8,Sometimes,no,2.5,no,1.1,1.6,no,Public_Transportation,0
Female,21.0,1.77,99.7,yes,yes,1.4,3.3,Sometimes,no,1.9,no,2.7,0.2,Sometimes,Public_Transportation,0
Male,17.0,1.83,60.9,yes,yes,1.1,2.6,Frequently,no,1.5,no,2.8,0.3,no,Public_Transportation,0
Male,31.0,1.71,104.8,yes,yes,2.9,1.4,Sometimes,no,2.2,no,0.7,0.3,Sometimes,Public_Transportation,1
Female,24.0,1.7,69.0,yes,yes,1.9,3.7,Frequently,no,2.9,no,2.1,1.5,no,Public_Transportation,0
Male,23.0,1.82,164.8,yes,yes,1.8,3.7,Frequently,no,2.4,no,2.2,1.6,Sometimes,Public_Transportation,0
Female,22.0,1.74,109.1,yes,yes,1.1,2.3,Sometimes,no,1.3,no,2.3,1.3,Sometimes,Public_Transportation,0
Female,16.0,1.72,50.9,yes,yes,1.5,3.7,Frequently,no,1.2,no,0.1,0.8,Frequently,Public_Transportation,0
Male,33.0,1.78,115.6,yes,yes,1.7,2.4,Sometimes,no,2.1,no,0.3,1.0,Sometimes,Public_Transportation,1
Female,31.0,1.62,53.1,yes,yes,1.2,1.3,Sometimes,no,2.0,no,1.0,1.8,no,Public_Transportation,0
Male,24.0,1.82,128.6,yes,yes,2.2,2.5,Sometimes,no,2.0,no,1.7,0.7,no,Automobile,0
Male,16.0,1.76,130.8,yes,yes,2.6,3.4,Sometimes,no,1.7,no,0.5,1.1,Sometimes,Public_Transportation,0
Male,23.0,1.65,46.0,no,yes,1.9,1.5,Sometimes,no,1.9,no,1.2,0.1,Sometimes,Public_Transportation,0
Male,21.0,1.73,48.9,yes,no,1.7,1.7,Sometimes,no,3.0,no,2.0,0.6,Sometimes,Public_Transportation,0
Male,23.0,1.7,139.9,yes,yes,2.7,2.1,Frequently,no,2.8,no,2.9,1.8,Sometimes,Walking,0
Male,18.0,1.78,64.1,no,no,1.4,4.0,Sometimes,no,2.3,no,0.8,1.7,Sometimes,Public_Transportation,0
Male,25.0,1.81,71.9,no,yes,1.8,1.8,Sometimes,no,1.3,no,0.1,0.5,Sometimes,Public_Transportation,0
Male,30.0,1.84,130.8,yes,yes,2.2,2.5,Sometimes,no,1.5,no,1.4,0.2,Sometimes,Automobile,1
Female,24.0,1.68,55.4,no,yes,2.0,2.9,Sometimes,no,2.9,no,0.4,1.6,no,Public_Transportation,0
Female,25.0,1.7,48.6,yes,yes,2.4,3.2,Sometimes,no,2.8,no,0.6,0.0,Sometimes,Public_Transportation,0
Male,15.0,1.65,72.5,yes,yes,2.7,3.2,Frequently,no,2.9,no,0.3,1.6,no,Public_Transportation,0
Female,21.0,1.67,83.3,yes,yes,1.6,3.1,Sometimes,yes,1.7,no,2.4,0.3,Sometimes,Automobile,0
Male,21.0,1.76,79.7,yes,yes,1.4,4.0,Sometimes,no,2.2,no,2.2,1.3,Sometimes,Automobile,0
Female,15.0,1.6,80.4,yes,yes,2.1,3.3,Sometimes,no,1.3,no,1.8,2.0,Sometimes,Automobile,0
Female,27.0,1.67,64.2,yes,yes,1.8,1.9,Sometimes,no,2.8,no,2.8,0.1,Sometimes,Public_Transportation,0
Male,20.0,1.73,98.2,no,yes,2.2,1.3,Sometimes,no,2.9,no,1.0,1.2,Sometimes,Automobile,0
Female,16.0,1.65,75.4,yes,yes,2.0,1.8,Sometimes,no,2.7,no,0.4,1.6,no,Public_Transportation,0
Female,23.0,1.63,42.5,yes,no,1.9,3.4,Sometimes,no,1.5,no,1.7,0.1,Sometimes,Public_Transportation,0
Male,19.0,1.61,63.2,no,no,2.5,3.8,Frequently,no,1.6,no,0.7,1.1,Sometimes,Public_Transportation,0
Female,25.0,1.59,70.5,yes,yes,1.6,2.0,Sometimes,no,2.3,no,1.7,0.4,no,Public_Transportation,0
Male,31.0,1.81,60.2,yes,yes,1.8,3.9,no,no,2.9,no,0.8,1.7,no,Public_Transportation,0
Male,17.0,1.76,73.2,yes,no,2.9,2.3,Sometimes,no,1.6,no,0.3,1.6,Sometimes,Public_Transportation,0
Female,17.0,1.55,119.3,yes,yes,1.1,3.5,Sometimes,no,1.8,no,0.5,0.3,Sometimes,Automobile,0
Male,25.0,1.77,118.0,yes,yes,2.6,3.3,Sometimes,no,2.7,no,2.1,1.1,Sometimes,Automobile,1
Male,20.0,1.76,95.1,yes,yes,1.4,3.0,Sometimes,no,2.3,no,1.1,1.7,Sometimes,Public_Transportation,0
Female,18.0,1.61,64.6,yes,yes,2.8,1.7,Sometimes,no,1.1,no,2.6,1.0,Sometimes,Public_Transportation,0
Male,18.0,1.72,74.7,yes,yes,2.0,4.0,Sometimes,no,2.9,no,2.3,1.9,Sometimes,Public_Transportation,0
Female,16.0,1.65,56.7,yes,yes,2.4,2.2,Sometimes,no,2.6,no,1.8,1.9,no,Public_Transportation,0
Male,25.0,1.71,137.8,yes,yes,2.2,3.1,Sometimes,no,2.9,no,0.7,0.8,no,Automobile,0
Female,19.0,1.65,76.2,yes,yes,2.2,3.8,Sometimes,no,2.6,no,2.0,1.3,Sometimes,Public_Transportation,0
Male,19.0,1.75,70.4,yes,yes,3.0,1.1,Frequently,no,1.2,no,2.8,0.2,Sometimes,Public_Transportation,0
Male,21.0,1.7,52.6,yes,yes,1.2,1.2,Sometimes,no,2.1,no,0.3,1.8,Sometimes,Public_Transportation,0
Male,29.0,1.74,114.9,yes,yes,1.6,3.4,Sometimes,no,2.2,no,1.6,1.5,Sometimes,Automobile,1
Male,22.0,1.71,95.5,no,yes,2.8,2.5,Sometimes,no,1.4,no,2.9,0.5,no,Automobile,0
Male,21.0,1.77,74.7,yes,yes,1.1,1.1,Sometimes,no,1.5,no,0.2,1.3,no,Public_Transportation,0
Female,23.0,1.72,51.8,no,yes,1.2,2.0,Frequently,no,2.7,no,0.8,0.5,Sometimes,Walking,0
Female,21.0,1.63,44.6,yes,yes,1.6,3.8,Frequently,no,2.3,no,1.6,1.2,no,Public_Transportation,0
Female,20.0,1.67,63.9,no,yes,2.3,3.1,Sometimes,no,1.1,no,2.3,1.7,Sometimes,Public_Transportation,0
Male,24.0,1.74,104.1,yes,yes,2.3,1.9,Sometimes,no,2.0,no,0.7,0.7,Sometimes,Public_Transportation,1
Male,33.0,1.71,105.7,yes,yes,2.3,1.6,Sometimes,yes,1.9,no,0.2,1.5,no,Automobile,1
Male,16.0,1.74,78.0,yes,yes,1.7,1.0,Sometimes,no,2.6,no,0.1,1.4,Sometimes,Public_Transportation,0
Male,15.0,1.74,82.2,yes,no,2.8,2.0,Sometimes,no,2.5,no,2.4,1.0,Sometimes,Public_Transportation,0
Female,21.0,1.63,52.0,yes,yes,2.6,3.4,Frequently,no,1.4,no,1.0,0.2,Sometimes,Public_Transportation,0
Male,29.0,1.78,125.7,yes,yes,2.7,2.2,Frequently,yes,1.2,no,0.9,0.8,Sometimes,Public_Transportation,1
Male,30.0,1.72,106.5,yes,yes,1.6,3.1,Always,no,2.4,no,0.4,1.2,Sometimes,Automobile,1
Male,20.0,1.83,110.5,yes,yes,1.9,3.1,Sometimes,no,2.8,no,3.0,1.1,no,Public_Transportation,0
Female,19.0,1.63,78.3,yes,yes,2.5,2.7,Sometimes,no,3.0,no,1.6,1.9,Sometimes,Public_Transportation,0
Female,20.0,1.64,79.3,no,yes,2.6,1.5,Sometimes,no,1.2,no,2.5,0.8,Sometimes,Public_Transportation,0
Male,19.0,1.73,49.8,yes,yes,2.2,3.0,Sometimes,no,1.1,no,2.4,0.7,Sometimes,Public_Transportation,0
Female,15.0,1.64,57.3,yes,yes,1.7,3.5,Sometimes,no,1.4,no,0.1,1.9,Sometimes,Automobile,0
Female,15.0,1.61,85.6,yes,no,2.3,1.3,Sometimes,no,2.2,no,1.2,1.6,Sometimes,Public_Transportation,0
Female,23.0,1.64,69.9,yes,yes,2.6,2.7,no,no,1.6,no,0.9,1.8,Sometimes,Public_Transportation,0
Male,20.0,1.82,65.1,yes,no,1.3,3.8,Sometimes,no,3.0,no,1.1,0.8,Sometimes,Public_Transportation,0
Female,18.0,1.62,46.9,yes,yes,2.2,1.2,Sometimes,no,2.9,no,0.6,1.9,Sometimes,Public_Transportation,0
Female,24.0,1.61,51.2,yes,yes,2.3,2.6,no,no,2.0,no,0.8,1.1,Sometimes,Public_Transportation,0
Female,31.0,1.64,61.0,yes,yes,2.6,1.0,Sometimes,no,1.3,no,1.7,1.5,Sometimes,Public_Transportation,0
Male,30.0,1.77,122.0,yes,yes,2.2,2.9,Sometimes,no,1.0,no,0.9,0.0,no,Walking,1
Male,31.0,1.76,115.4,yes,yes,2.8,3.6,Sometimes,no,2.7,no,1.8,0.6,Sometimes,Public_Transportation,1
Female,26.0,1.59,72.7,yes,yes,1.0,3.0,Sometimes,no,2.3,no,2.2,1.9,no,Public_Transportation,0
Female,19.0,1.7,69.8,yes,yes,2.3,3.2,Sometimes,no,2.7,no,2.8,1.1,Sometimes,Public_Transportation,0
Male,28.0,1.72,101.4,yes,yes,2.7,3.1,Sometimes,no,1.9,no,2.3,0.2,no,Public_Transportation,1
Male,26.0,1.67,78.9,yes,yes,1.4,1.7,Sometimes,no,2.9,no,1.3,0.3,Sometimes,Public_Transportation,0
Female,16.0,1.7,82.4,no,yes,1.8,1.6,Sometimes,no,2.7,no,1.9,0.8,Sometimes,Public_Transportation,0
Male,18.0,1.76,99.3,no,yes,1.0,3.6,Sometimes,no,2.3,no,1.2,1.2,Sometimes,Public_Transportation,0
Male,17.0,1.86,54.1,yes,yes,1.8,2.9,Sometimes,no,2.5,no,0.4,0.2,Sometimes,Public_Transportation,0
Male,26.0,1.77,117.0,yes,yes,1.9,3.9,Sometimes,no,2.8,no,0.5,0.4,Sometimes,Public_Transportation,1
Male,25.0,1.8,89.3,yes,no,2.4,2.4,Sometimes,no,2.6,no,1.9,1.2,no,Walking,0
Male,24.0,1.82,117.0,yes,yes,2.6,3.4,Sometimes,no,2.7,no,2.5,0.4,no,Automobile,1
Female,31.0,1.62,92.1,yes,yes,2.3,1.8,Sometimes,no,2.3,no,1.7,0.1,Sometimes,Public_Transportation,0
Male,35.0,1.7,100.4,yes,yes,2.2,3.5,Sometimes,no,1.5,no,1.9,1.2,no,Public_Transportation,1
Female,18.0,1.66,57.3,no,yes,2.6,2.7,Sometimes,no,2.1,no,2.9,1.4,Sometimes,Public_Transportation,0
Female,21.0,1.55,57.4,yes,yes,2.7,3.9,Sometimes,no,1.2,no,2.2,0.7,Sometimes,Public_Transportation,0
Female,21.0,1.61,70.8,no,yes,1.6,3.5,Sometimes,no,1.5,no,2.2,1.7,Sometimes,Public_Transportation,0
Male,23.0,1.59,109.7,yes,yes,2.9,3.1,Sometimes,no,1.7,no,1.8,1.8,Sometimes,Automobile,0
Female,15.0,1.61,110.8,yes,yes,2.3,3.5,Sometimes,no,1.5,no,2.2,0.7,no,Public_Transportation,0
Male,21.0,1.75,65.1,yes,yes,2.6,1.0,Sometimes,no,2.0,no,2.5,1.9,Sometimes,Public_Transportation,0
Male,26.0,1.74,116.1,yes,yes,2.1,1.0,Sometimes,no,1.3,no,2.4,0.4,Sometimes,Automobile,1
Male,18.0,1.71,74.6,yes,yes,2.6,1.8,Sometimes,no,2.1,no,1.0,0.5,Sometimes,Public_Transportation,0
Female,18.0,1.68,60.8,yes,yes,1.4,1.4,Sometimes,no,2.8,no,0.3,0.5,Sometimes,Automobile,0
Male,23.0,1.79,49.0,no,yes,1.2,3.0,Sometimes,no,2.8,no,1.4,1.0,Sometimes,Automobile,0
Male,20.0,1.76,76.2,no,yes,3.0,2.9,Frequently,no,3.0,yes,1.9,0.9,Sometimes,Automobile,0
Male,20.0,1.91,107.0,yes,yes,1.1,1.2,Sometimes,no,2.9,no,2.1,1.5,Sometimes,Automobile,0
Female,21.0,1.64,70.2,yes,yes,1.9,2.2,Sometimes,no,2.2,no,2.1,0.1,Sometimes,Automobile,0
Male,22.0,1.67,73.3,yes,yes,1.4,2.0,Sometimes,no,2.1,no,2.9,1.5,Sometimes,Public_Transportation,0
Female,21.0,1.67,52.2,yes,yes,1.9,3.3,Sometimes,no,2.0,no,0.3,0.3,Sometimes,Automobile,0
Male,21.0,1.73,99.4,yes,yes,2.8,1.4,Sometimes,no,2.4,no,1.2,0.4,no,Public_Transportation,0
Female,21.0,1.67,51.9,no,yes,2.5,3.1,Sometimes,no,2.3,no,2.2,0.8,no,Public_Transportation,0
Female,21.0,1.67,128.1,no,no,1.1,1.6,Sometimes,no,2.1,no,1.3,1.4,no,Automobile,0
Male,16.0,1.72,83.9,no,yes,1.2,2.3,Sometimes,no,2.2,no,1.3,1.3,no,Public_Transportation,0
Male,27.0,1.64,88.0,yes,yes,1.7,1.6,Sometimes,no,2.7,no,2.0,0.5,no,Public_Transportation,0
Male,22.0,1.8,102.9,yes,no,2.2,3.5,Sometimes,no,1.8,no,2.7,1.1,Sometimes,Public_Transportation,0
Female,21.0,1.58,122.8,yes,yes,2.1,1.6,Sometimes,no,2.8,no,0.2,1.6,Sometimes,Public_Transportation,0
Female,21.0,1.7,81.6,yes,no,2.9,1.5,Sometimes,no,1.9,yes,1.8,0.4,Sometimes,Public_Transportation,0
Male,24.0,1.72,107.8,yes,yes,1.6,1.7,Sometimes,no,1.3,no,1.0,0.8,Sometimes,Public_Transportation,0
Female,26.0,1.63,49.5,yes,no,2.6,2.7,Frequently,no,1.4,no,1.9,1.4,Sometimes,Public_Transportation,0
Male,20.0,1.77,56.6,no,yes,1.9,3.5,Sometimes,no,2.0,yes,0.7,0.8,Sometimes,Public_Transportation,0
Female,20.0,1.63,70.7,yes,yes,1.0,2.5,Sometimes,no,2.8,no,1.5,1.9,Sometimes,Public_Transportation,0
Male,22.0,1.83,103.8,yes,yes,2.7,2.6,Sometimes,no,2.3,no,1.4,0.5,no,Public_Transportation,0
Female,15.0,1.64,63.4,yes,yes,1.4,2.0,Sometimes,no,1.2,no,0.4,1.9,Sometimes,Public_Transportation,0
Male,17.0,1.82,110.2,yes,yes,1.3,3.4,Sometimes,no,1.2,no,0.4,0.5,Sometimes,Public_Transportation,0
Male,21.0,1.82,67.3,yes,yes,2.6,2.3,Frequently,no,2.8,no,0.5,0.4,Sometimes,Public_Transportation,0
Male,29.0,1.73,109.0,yes,yes,2.1,3.4,Sometimes,no,2.7,no,0.7,0.2,Sometimes,Public_Transportation,1
Female,19.0,1.67,81.5,yes,yes,2.9,1.6,Sometimes,no,2.1,no,1.9,1.1,Sometimes,Public_Transportation,0
Female,20.0,1.68,92.1,yes,yes,3.0,3.0,Sometimes,no,1.3,no,2.7,0.9,Sometimes,Public_Transportation,0
Female,24.0,1.6,100.5,yes,yes,3.0,1.0,Sometimes,no,1.0,no,0.0,2.0,Sometimes,Public_Transportation,1
Male,19.0,1.71,49.1,yes,yes,2.5,3.3,no,no,2.4,no,0.4,1.2,Sometimes,Public_Transportation,0
Male,20.0,1.78,60.3,yes,yes,1.8,1.1,Frequently,no,1.2,no,2.2,1.4,Sometimes,Public_Transportation,0
Female,17.0,1.62,67.2,yes,yes,2.3,3.3,Sometimes,no,1.3,no,2.1,0.1,Sometimes,Public_Transportation,0
Male,38.0,1.77,107.2,yes,yes,2.1,3.8,Sometimes,no,2.6,no,1.1,0.6,Sometimes,Public_Transportation,1
Female,34.0,1.63,74.0,yes,yes,2.7,2.4,Sometimes,no,1.9,no,0.2,0.6,no,Public_Transportation,0
Male,25.0,1.72,111.0,yes,yes,2.4,1.4,Always,no,2.7,no,1.7,1.4,no,Public_Transportation,1
Male,18.0,1.75,91.7,yes,no,2.9,1.4,Sometimes,no,1.4,no,1.6,1.4,no,Automobile,0
Female,23.0,1.58,53.8,yes,no,1.2,1.3,Sometimes,no,1.5,no,2.9,1.3,no,Public_Transportation,0
Female,16.0,1.66,64.3,yes,yes,2.4,3.7,Sometimes,no,2.9,no,0.2,1.2,Sometimes,Public_Transportation,0
Female,20.0,1.69,61.5,yes,yes,2.9,3.8,Sometimes,no,2.6,no,2.6,0.3,no,Automobile,0
Female,29.0,1.68,86.2,yes,no,1.2,2.1,Sometimes,no,2.2,no,2.7,1.5,no,Public_Transportation,0
Male,28.0,1.78,122.7,yes,yes,1.9,3.6,Sometimes,no,1.1,no,2.4,0.2,Sometimes,Automobile,1
Female,18.0,1.62,58.8,no,yes,1.5,1.1,Frequently,no,3.0,no,2.0,0.2,Sometimes,Public_Transportation,0
Male,18.0,1.67,133.8,yes,yes,2.4,2.4,Sometimes,no,1.2,no,2.6,0.0,Sometimes,Public_Transportation,0
Female,18.0,1.64,81.2,no,yes,1.2,1.5,Sometimes,no,1.6,yes,1.7,1.8,Sometimes,Public_Transportation,0
Female,16.0,1.68,45.7,yes,yes,1.5,1.5,Sometimes,no,1.7,no,1.5,1.8,Sometimes,Public_Transportation,0
Male,17.0,1.69,71.1,yes,yes,2.7,1.9,Sometimes,no,2.0,no,2.2,0.4,Frequently,Public_Transportation,0
Female,28.0,1.68,54.4,yes,yes,2.7,2.3,Sometimes,no,1.2,no,2.6,0.8,Sometimes,Public_Transportation,0
Male,30.0,1.78,121.7,yes,yes,2.6,2.6,Sometimes,no,1.0,no,1.9,1.5,Sometimes,Automobile,1
Female,20.0,1.58,52.3,yes,yes,2.2,1.4,Sometimes,no,1.6,no,2.4,0.9,Sometimes,Public_Transportation,0
Female,17.0,1.67,79.6,yes,yes,3.0,2.8,Sometimes,no,3.0,no,0.9,0.4,Sometimes,Public_Transportation,0
Female,22.0,1.63,51.5,yes,yes,2.8,3.9,Sometimes,no,2.6,no,0.4,1.6,Sometimes,Walking,0
Female,17.0,1.73,71.2,yes,yes,1.7,2.3,Sometimes,no,2.8,no,0.9,0.5,Sometimes,Automobile,0
Male,19.0,1.59,93.7,yes,yes,1.9,3.2,Sometimes,no,2.3,no,2.0,1.2,no,Automobile,0
Male,21.0,1.76,103.3,yes,yes,2.9,3.4,Sometimes,no,1.3,no,1.9,0.7,Sometimes,Automobile,0
Male,20.0,1.78,93.4,yes,yes,1.2,2.6,Frequently,no,2.2,no,2.8,0.1,no,Automobile,0
Female,17.0,1.54,40.1,yes,yes,2.8,2.3,Frequently,no,2.8,yes,1.8,1.4,Sometimes,Public_Transportation,0
Male,23.0,1.81,96.1,no,yes,2.4,3.9,Sometimes,no,2.1,no,0.1,1.3,Sometimes,Automobile,0
Female,22.0,1.62,85.0,yes,yes,2.5,1.5,Sometimes,no,2.0,no,1.7,1.2,no,Public_Transportation,0
Male,19.0,1.83,76.4,yes,yes,2.1,3.3,Sometimes,no,1.7,no,2.3,1.2,no,Automobile,0
Female,17.0,1.71,44.6,yes,yes,2.5,2.5,Sometimes,no,1.8,no,2.0,0.8,no,Automobile,0
Male,21.0,1.76,60.9,no,yes,2.8,3.7,Sometimes,no,1.2,yes,0.0,0.3,no,Public_Transportation,0
Female,19.0,1.66,83.9,yes,yes,1.4,1.2,Sometimes,no,2.0,no,0.1,0.0,no,Automobile,0
Female,19.0,1.65,89.6,no,yes,1.7,2.2,Sometimes,no,1.7,no,2.1,0.4,no,Public_Transportation,0
Male,16.0,1.83,51.3,yes,yes,2.2,3.7,Sometimes,no,1.3,no,0.1,1.5,Sometimes,Public_Transportation,0
Female,16.0,1.61,40.1,yes,no,2.0,3.0,Sometimes,no,1.2,no,0.5,1.0,Sometimes,Automobile,0
Male,18.0,1.79,68.4,yes,yes,2.6,1.6,Sometimes,no,1.4,no,1.4,1.2,no,Public_Transportation,0
Female,18.0,1.63,107.5,yes,yes,1.5,2.6,Sometimes,no,2.3,no,0.2,0.3,Sometimes,Automobile,0
Male,16.0,1.75,67.1,no,yes,1.2,4.0,Sometimes,no,1.6,yes,2.9,0.2,Sometimes,Public_Transportation,0
Male,16.0,1.75,96.9,yes,yes,1.3,3.8,Sometimes,no,1.4,no,0.7,0.2,Sometimes,Walking,0
Female,18.0,1.61,84.1,yes,no,2.9,1.5,Sometimes,no,2.9,yes,0.6,0.5,Sometimes,Automobile,0
Male,17.0,1.85,88.3,yes,yes,2.5,3.7,Frequently,no,2.7,yes,0.8,0.3,Sometimes,Public_Transportation,0
Female,19.0,1.6,56.6,yes,yes,1.7,2.0,Sometimes,no,1.5,no,2.8,0.5,Sometimes,Automobile,0
Male,28.0,1.73,108.3,yes,yes,1.8,1.4,Sometimes,no,2.9,no,0.9,0.7,no,Public_Transportation,1
Female,15.0,1.69,80.4,yes,yes,2.1,3.3,Sometimes,no,2.4,no,1.9,1.3,Sometimes,Public_Transportation,0
Female,26.0,1.66,84.8,yes,yes,2.1,2.2,Sometimes,no,1.3,no,1.5,1.7,Sometimes,Public_Transportation,0
Male,24.0,1.75,87.2,yes,yes,2.0,1.1,Sometimes,no,1.1,no,2.6,1.9,Sometimes,Public_Transportation,0
Male,18.0,1.68,91.5,yes,yes,1.8,3.9,Sometimes,no,1.9,no,0.8,0.6,no,Public_Transportation,0
Female,22.0,1.69,47.9,yes,yes,2.9,2.2,Sometimes,no,1.8,no,1.5,1.4,no,Public_Transportation,0
Male,27.0,1.75,109.1,yes,yes,2.2,1.8,Sometimes,no,1.7,no,2.0,1.2,no,Automobile,1
Female,22.0,1.76,60.8,yes,yes,1.1,2.1,Sometimes,no,2.4,no,0.0,0.4,no,Automobile,0
Female,33.0,1.67,72.0,yes,yes,1.1,3.6,Sometimes,no,1.5,no,0.8,1.7,no,Public_Transportation,0
Female,30.0,1.73,107.6,yes,yes,2.3,3.6,Sometimes,no,2.3,no,0.0,0.8,Sometimes,Public_Transportation,0
Female,16.0,1.71,72.6,yes,yes,1.8,3.4,Sometimes,no,1.1,no,0.1,0.4,Sometimes,Public_Transportation,0
Male,23.0,1.74,82.2,yes,yes,2.4,3.6,Sometimes,no,2.4,no,1.8,0.5,Sometimes,Public_Transportation,0
Female,19.0,1.64,54.1,yes,no,1.9,1.9,Sometimes,no,1.0,no,2.1,0.2,Sometimes,Public_Transportation,0
Female,16.0,1.71,54.6,yes,yes,1.1,2.0,Sometimes,no,2.8,no,2.6,1.4,no,Public_Transportation,0
Male,21.0,1.79,106.9,yes,no,2.1,3.1,Frequently,no,1.0,no,0.4,1.7,Sometimes,Public_Transportation,0
Female,19.0,1.77,47.7,yes,yes,2.7,3.6,Sometimes,no,1.4,no,1.9,0.5,Sometimes,Walking,0
Female,16.0,1.55,103.9,yes,yes,1.1,2.5,Sometimes,no,3.0,no,0.7,0.4,Sometimes,Public_Transportation,0
Female,18.0,1.7,58.3,no,yes,1.2,3.2,Sometimes,no,1.6,no,2.4,1.1,Sometimes,Public_Transportation,0
Male,24.0,1.8,69.5,yes,yes,1.9,2.7,Sometimes,no,1.9,no,1.3,0.4,Sometimes,Public_Transportation,0
Female,16.0,1.65,47.5,yes,yes,2.9,2.4,Sometimes,no,1.4,no,2.4,0.2,Sometimes,Public_Transportation,0
Male,20.0,1.77,102.0,no,yes,1.2,1.2,Frequently,no,1.3,no,2.7,0.2,no,Public_Transportation,0
Male,26.0,1.76,110.6,yes,yes,2.7,3.5,Sometimes,no,1.3,no,2.0,0.5,Sometimes,Public_Transportation,1
Male,16.0,1.79,93.1,yes,yes,2.3,3.2,Frequently,no,2.6,no,0.2,0.8,Sometimes,Public_Transportation,0
Male,17.0,1.82,162.0,yes,yes,2.8,3.0,Sometimes,no,1.4,no,1.2,1.6,no,Automobile,0
Male,37.0,1.73,114.7,yes,yes,2.0,2.1,Sometimes,no,2.1,no,1.6,0.5,no,Automobile,1
Female,17.0,1.65,81.8,yes,yes,2.4,2.4,Sometimes,no,1.0,no,0.4,0.6,Sometimes,Public_Transportation,0
Male,28.0,1.75,121.6,yes,yes,2.3,3.5,Sometimes,no,1.3,no,1.5,1.3,Sometimes,Public_Transportation,1
Female,16.0,1.6,61.0,no,yes,1.5,3.9,Sometimes,no,1.1,no,3.0,1.7,no,Automobile,0
Female,20.0,1.73,46.2,yes,yes,1.1,3.2,Frequently,no,2.1,no,0.8,0.6,Sometimes,Public_Transportation,0
Female,17.0,1.75,97.5,no,yes,2.8,1.1,Sometimes,no,1.9,no,2.5,0.8,Sometimes,Public_Transportation,0
Female,25.0,1.66,58.5,yes,yes,2.2,2.1,Sometimes,no,1.5,no,2.9,1.4,Sometimes,Public_Transportation,0
Male,23.0,1.8,114.5,yes,yes,1.8,1.9,Sometimes,no,1.2,no,0.6,1.2,Sometimes,Public_Transportation,1
Female,19.0,1.74,83.6,yes,yes,2.7,2.3,Sometimes,no,3.0,no,2.8,0.4,Sometimes,Automobile,0
Male,33.0,1.72,107.8,yes,yes,2.7,3.9,Sometimes,no,1.6,no,1.4,0.2,Sometimes,Automobile,1
Male,18.0,1.77,88.9,yes,yes,1.9,2.4,Sometimes,no,2.3,yes,2.6,0.4,no,Automobile,0
Male,24.0,1.75,114.2,yes,yes,1.9,2.0,Sometimes,no,1.4,yes,0.9,1.1,Sometimes,Automobile,1
Male,20.0,1.76,112.1,yes,yes,1.7,3.6,Sometimes,no,2.0,no,1.7,0.6,no,Automobile,1
Female,22.0,1.5,92.7,yes,yes,1.8,1.2,Sometimes,no,1.8,no,1.5,1.7,no,Public_Transportation,0
Male,19.0,1.75,68.6,yes,yes,2.0,2.6,Sometimes,no,3.0,no,1.3,1.3,no,Public_Transportation,0
Female,26.0,1.58,37.5,yes,yes,2.6,3.6,Frequently,no,2.5,no,2.1,0.3,no,Public_Transportation,0
Male,24.0,1.73,115.8,yes,yes,2.0,2.2,Sometimes,no,1.5,no,1.3,1.3,no,Public_Transportation,1
